{
  "T_out": 1967.1671525683344,
  "Q_burner": 34290.0,
  "Q_chem": 0.0,
  "residual": 0.0,
  "converged": true,
  "steps": 1,
  "branch_status": "HOT",
  "kernel_T": 2926.7124987377742,
  "kernel_H2": 0.773800296106302,
  "kernel_CO": 2.2471514128442633
}