{
  "T_out": 879.7840683212202,
  "Q_burner": 36360.0,
  "Q_chem": 0.0,
  "residual": 0.0,
  "converged": false,
  "steps": 1,
  "branch_status": "COLD",
  "kernel_T": 2936.336538904085,
  "kernel_H2": 0.3920448868696042,
  "kernel_CO": 1.1060514454898724
}