{
  "H2_CO_out_avg": 2.2407368009354216,
  "CH4_slip_pct_avg": 14.026821884313575,
  "T_out_avg": 1469.9982160883492,
  "profile_rmse": {},
  "per_case": {
    "A_case1_richter": {
      "H2_CO_out": 2.2839839724535147,
      "CH4_out": 0.16544222204029316,
      "T_out_K": 1436.6610757719304,
      "rmse": {
        "T": 0.7706770599170341,
        "X_H2": 0.0009992240600888954,
        "X_CO": 0.0007468916509965536
      }
    },
    "A_case4_richter": {
      "H2_CO_out": 2.2254258590924105,
      "CH4_out": 0.10009295631601357,
      "T_out_K": 1453.1510096435723,
      "rmse": {
        "T": 0.7009396975075654,
        "X_H2": 0.0006074808191203079,
        "X_CO": 0.00045045322871353397
      }
    },
    "B_case1_134L": {
      "H2_CO_out": 2.254910915765177,
      "CH4_out": 0.1823002665933905,
      "T_out_K": 1487.388542582148,
      "rmse": {
        "T": 3.809780620080356,
        "X_H2": 0.0046604354677192835,
        "X_CO": 0.0037312098730436062
      }
    },
    "B_case4_134L": {
      "H2_CO_out": 2.1986264564305835,
      "CH4_out": 0.11323743042284574,
      "T_out_K": 1502.7922363557464,
      "rmse": {
        "T": 4.36766506158536,
        "X_H2": 0.004060879796657009,
        "X_CO": 0.0032737052859470816
      }
    }
  }
}