{
  "T_out": 826.9608333302155,
  "Q_burner": 34290.0,
  "Q_chem": 0.0,
  "residual": 0.0,
  "converged": false,
  "steps": 1,
  "branch_status": "COLD",
  "kernel_T": 2926.712498186017,
  "kernel_H2": 0.773801515522387,
  "kernel_CO": 2.2471547595337786
}