{
  "T_out": 873.3321491907444,
  "Q_burner": 36360.0,
  "Q_chem": 0.0,
  "residual": 0.0,
  "converged": false,
  "steps": 1,
  "branch_status": "COLD",
  "kernel_T": 2936.3365522365716,
  "kernel_H2": 0.39204109576657176,
  "kernel_CO": 1.106041682245969
}