{
  "T_out": 926.4429717815597,
  "Q_burner": 36360.0,
  "Q_chem": 0.0,
  "residual": 0.0,
  "converged": false,
  "steps": 1,
  "branch_status": "COLD",
  "kernel_T": 2936.3366554717095,
  "kernel_H2": 0.3920500960376332,
  "kernel_CO": 1.106059599415944
}