{
  "T_out": 826.5205144471723,
  "Q_burner": 34290.0,
  "Q_chem": 0.0,
  "residual": 0.0,
  "converged": false,
  "steps": 1,
  "branch_status": "COLD",
  "kernel_T": 2926.707889071162,
  "kernel_H2": 0.7678136897015299,
  "kernel_CO": 2.228255569289267
}