{
  "T_out": 915.3270509444562,
  "Q_burner": 36360.0,
  "Q_chem": 0.0,
  "residual": 0.0,
  "converged": false,
  "steps": 1,
  "branch_status": "COLD",
  "kernel_T": 2936.3365371832356,
  "kernel_H2": 0.3920447508557033,
  "kernel_CO": 1.1060511741861057
}