{
  "T_out": 1959.6336366953167,
  "Q_burner": 34290.0,
  "Q_chem": 0.0,
  "residual": 0.0,
  "converged": true,
  "steps": 1,
  "branch_status": "HOT",
  "kernel_T": 2926.712524626434,
  "kernel_H2": 0.7737930287633579,
  "kernel_CO": 2.247133869235723
}