{
  "T_out": 825.5814877956635,
  "Q_burner": 34290.0,
  "Q_chem": 0.0,
  "residual": 0.0,
  "converged": false,
  "steps": 1,
  "branch_status": "COLD",
  "kernel_T": 2926.707887304522,
  "kernel_H2": 0.7678143811089683,
  "kernel_CO": 2.2282575064044576
}