{
  "H2_CO_out_avg": 1.7491382374594713,
  "CH4_slip_pct_avg": 0.004344922539132227,
  "T_out_avg": 1944.4893203183083,
  "profile_rmse": {},
  "per_case": {
    "A_case1_richter": {
      "H2_CO_out": 1.8681598351104234,
      "CH4_out": 8.297050837867653e-05,
      "T_out_K": 1761.6779217310884,
      "psr_converged": true,
      "psr_temperature_K": 1977.7792085086646,
      "feasibility_penalty": 1318.4016488957661,
      "dry_X": {
        "H2": 0.6116887550346962,
        "CO": 0.32742849061335294,
        "O2": 7.976709036000575e-12,
        "CH4": 8.297050837867653e-05
      },
      "rmse": {
        "T": 115.79749388676872,
        "X_H2": 0.030673726824488094,
        "X_CO": 0.00851470704652385
      }
    },
    "A_case4_richter": {
      "H2_CO_out": 1.6301166398085192,
      "CH4_out": 3.927942403968001e-06,
      "T_out_K": 2127.3007189055284,
      "psr_converged": true,
      "psr_temperature_K": 2179.2572238085863,
      "feasibility_penalty": 3698.8336019148082,
      "dry_X": {
        "H2": 0.5766124659059066,
        "CO": 0.35372466719537204,
        "O2": 6.818289413824871e-09,
        "CH4": 3.927942403968001e-06
      },
      "rmse": {
        "T": 111.41327971819904,
        "X_H2": 0.032763893149222414,
        "X_CO": 0.010627428984986061
      }
    }
  },
  "feasibility_penalty": 5017.235250810574,
  "mech_yaml": "/mnt/d/Thesis/Master_Thesis/runs/20251013_234429/gen_14/ind_000/cand_d170b6ad490a/candidate.yaml",
  "n_species": 30,
  "n_reactions": 107
}