{
  "T_out": 871.7888563861765,
  "Q_burner": 36360.0,
  "Q_chem": 0.0,
  "residual": 0.0,
  "converged": false,
  "steps": 1,
  "branch_status": "COLD",
  "kernel_T": 2936.336536980651,
  "kernel_H2": 0.39204509526706777,
  "kernel_CO": 1.106052089441602
}