{
  "T_out": 1887.1514007673184,
  "Q_burner": 34290.0,
  "Q_chem": 0.0,
  "residual": 0.0,
  "converged": true,
  "steps": 1,
  "branch_status": "HOT",
  "kernel_T": 2926.7124984577194,
  "kernel_H2": 0.7738006860058471,
  "kernel_CO": 2.2471524611584286
}