{
  "T_out": 862.3331385671459,
  "Q_burner": 36360.0,
  "Q_chem": 0.0,
  "residual": 0.0,
  "converged": false,
  "steps": 1,
  "branch_status": "COLD",
  "kernel_T": 2936.3365371775826,
  "kernel_H2": 0.39204476193711124,
  "kernel_CO": 1.1060512047472488
}