{
  "T_out": 918.4245258389828,
  "Q_burner": 34290.0,
  "Q_chem": 0.0,
  "residual": 0.0,
  "converged": false,
  "steps": 1,
  "branch_status": "COLD",
  "kernel_T": 2926.7078899470816,
  "kernel_H2": 0.7678101562013986,
  "kernel_CO": 2.2282453226813432
}