{
  "H2_CO_out_avg": 2.2362252984069917,
  "CH4_slip_pct_avg": 15.278065500406488,
  "T_out_avg": 1462.5570710025459,
  "profile_rmse": {},
  "per_case": {
    "A_case1_richter": {
      "H2_CO_out": 2.281205365464521,
      "CH4_out": 0.17904423366324726,
      "T_out_K": 1429.7658456450683,
      "rmse": {
        "T": 6.7121014190154735,
        "X_H2": 0.015523739193035983,
        "X_CO": 0.006459877508314963
      }
    },
    "A_case4_richter": {
      "H2_CO_out": 2.2213724279886535,
      "CH4_out": 0.11071619050390925,
      "T_out_K": 1445.1379867089179,
      "rmse": {
        "T": 7.643425691217697,
        "X_H2": 0.013315489641058846,
        "X_CO": 0.005417922401536146
      }
    },
    "B_case1_134L": {
      "H2_CO_out": 2.24984310531243,
      "CH4_out": 0.19681798654342653,
      "T_out_K": 1480.4275676162895,
      "rmse": {
        "T": 4.474739796614018,
        "X_H2": 0.011407594595383933,
        "X_CO": 0.002950799749239891
      }
    },
    "B_case4_134L": {
      "H2_CO_out": 2.1924802948623623,
      "CH4_out": 0.12454420930567649,
      "T_out_K": 1494.896884039908,
      "rmse": {
        "T": 4.351746941399751,
        "X_H2": 0.009713412142640451,
        "X_CO": 0.002286249576081329
      }
    }
  }
}