{
  "T_out": 826.4249632407027,
  "Q_burner": 34290.0,
  "Q_chem": 0.0,
  "residual": 0.0,
  "converged": false,
  "steps": 1,
  "branch_status": "COLD",
  "kernel_T": 2926.7124987112093,
  "kernel_H2": 0.773800326371251,
  "kernel_CO": 2.2471515882610387
}