{
  "T_out": 829.1932651344634,
  "Q_burner": 34290.0,
  "Q_chem": 0.0,
  "residual": 0.0,
  "converged": false,
  "steps": 1,
  "branch_status": "COLD",
  "kernel_T": 2926.7078873045193,
  "kernel_H2": 0.7678143811284097,
  "kernel_CO": 2.228257506470078
}