{
  "T_out": 825.9099220834129,
  "Q_burner": 34290.0,
  "Q_chem": 0.0,
  "residual": 0.0,
  "converged": false,
  "steps": 1,
  "branch_status": "COLD",
  "kernel_T": 2926.70787242458,
  "kernel_H2": 0.7678162317632232,
  "kernel_CO": 2.228259869563685
}