{
  "H2_CO_out_avg": 2.234524777807778,
  "CH4_slip_pct_avg": 15.376386714442319,
  "T_out_avg": 1465.5788558442619,
  "profile_rmse": {},
  "per_case": {
    "A_case1_richter": {
      "H2_CO_out": 2.2800876479446837,
      "CH4_out": 0.17968015360911951,
      "T_out_K": 1431.6427601024564,
      "rmse": {
        "T": 5.248451627611544,
        "X_H2": 0.01880578875084215,
        "X_CO": 0.008352148572909378
      }
    },
    "A_case4_richter": {
      "H2_CO_out": 2.220656265335668,
      "CH4_out": 0.11108160314042288,
      "T_out_K": 1446.4991986602283,
      "rmse": {
        "T": 6.239728871582814,
        "X_H2": 0.015538578540941454,
        "X_CO": 0.006736689375825407
      }
    },
    "B_case1_134L": {
      "H2_CO_out": 2.2468893850399922,
      "CH4_out": 0.19870326604014485,
      "T_out_K": 1485.6223621523034,
      "rmse": {
        "T": 9.522446343614984,
        "X_H2": 0.019624637798095496,
        "X_CO": 0.008346734877927895
      }
    },
    "B_case4_134L": {
      "H2_CO_out": 2.1904658129107686,
      "CH4_out": 0.12559044578800554,
      "T_out_K": 1498.551102462059,
      "rmse": {
        "T": 8.633262644492316,
        "X_H2": 0.01566234394885371,
        "X_CO": 0.006477712563987616
      }
    }
  }
}