{
  "H2_CO_out_avg": 1.8153534675498983,
  "CH4_slip_pct_avg": 0.09380546883256927,
  "T_out_avg": 1787.5805009203827,
  "profile_rmse": {},
  "per_case": {
    "A_case1_richter": {
      "H2_CO_out": 1.932400130521775,
      "CH4_out": 0.0018606128881906655,
      "T_out_K": 1610.5888243917002,
      "psr_converged": true,
      "psr_temperature_K": 1954.2112957032532,
      "feasibility_penalty": 675.9986947822493,
      "dry_X": {
        "H2": 0.6253923905069025,
        "CO": 0.323635038431734,
        "O2": 2.1097312999725874e-13,
        "CH4": 0.0018606128881906655
      },
      "rmse": {
        "T": 26.57011772147008,
        "X_H2": 0.007725964098935543,
        "X_CO": 0.0015970274661951337
      }
    },
    "A_case4_richter": {
      "H2_CO_out": 1.6983068045780219,
      "CH4_out": 1.5496488460719892e-05,
      "T_out_K": 1964.572177449065,
      "psr_converged": true,
      "psr_temperature_K": 2122.6837694141004,
      "feasibility_penalty": 3016.9319542197813,
      "dry_X": {
        "H2": 0.5947747077746621,
        "CO": 0.35021628964293394,
        "O2": 4.343473845890514e-10,
        "CH4": 1.5496488460719892e-05
      },
      "rmse": {
        "T": 27.275316999751812,
        "X_H2": 0.00919446666701841,
        "X_CO": 0.005083222929825165
      }
    }
  },
  "feasibility_penalty": 3692.930649002031
}