{
  "H2_CO_out_avg": 2.2403840087259823,
  "CH4_slip_pct_avg": 14.046110113046304,
  "T_out_avg": 1470.6444637425266,
  "profile_rmse": {},
  "per_case": {
    "A_case1_richter": {
      "H2_CO_out": 2.2836820534285085,
      "CH4_out": 0.16561181450606646,
      "T_out_K": 1437.1889607711942,
      "rmse": {
        "T": 1.1648650728033074,
        "X_H2": 0.0005168240979084238,
        "X_CO": 0.00020875932556206102
      }
    },
    "A_case4_richter": {
      "H2_CO_out": 2.225149736341798,
      "CH4_out": 0.10022709062055359,
      "T_out_K": 1453.6737195274147,
      "rmse": {
        "T": 1.2779422561869924,
        "X_H2": 0.0004836824040003009,
        "X_CO": 0.00017624538287883406
      }
    },
    "B_case1_134L": {
      "H2_CO_out": 2.254523657284632,
      "CH4_out": 0.18254261131760136,
      "T_out_K": 1488.095974974167,
      "rmse": {
        "T": 4.022369163290161,
        "X_H2": 0.0043911835618388895,
        "X_CO": 0.0036540444298492295
      }
    },
    "B_case4_134L": {
      "H2_CO_out": 2.1981805878489915,
      "CH4_out": 0.11346288807763068,
      "T_out_K": 1503.6191996973303,
      "rmse": {
        "T": 5.043245710389398,
        "X_H2": 0.0037357836883846786,
        "X_CO": 0.003180209227377586
      }
    }
  }
}