{
  "H2_CO_out_avg": 2.2390737558662686,
  "CH4_slip_pct_avg": 14.121123822011747,
  "T_out_avg": 1473.0935208338415,
  "profile_rmse": {},
  "per_case": {
    "A_case1_richter": {
      "H2_CO_out": 2.2826546807825485,
      "CH4_out": 0.1661996120264701,
      "T_out_K": 1439.015805785164,
      "rmse": {
        "T": 5.48054115627584,
        "X_H2": 0.0032321041683834625,
        "X_CO": 0.0018669718830668551
      }
    },
    "A_case4_richter": {
      "H2_CO_out": 2.224372879334793,
      "CH4_out": 0.10060965109452932,
      "T_out_K": 1455.1627271531784,
      "rmse": {
        "T": 4.898231336550943,
        "X_H2": 0.002550160080701654,
        "X_CO": 0.0014744265152096575
      }
    },
    "B_case1_134L": {
      "H2_CO_out": 2.2525598164812077,
      "CH4_out": 0.18381205909758075,
      "T_out_K": 1491.7913641103125,
      "rmse": {
        "T": 11.569807325057596,
        "X_H2": 0.003358843534514616,
        "X_CO": 0.0029808537423747995
      }
    },
    "B_case4_134L": {
      "H2_CO_out": 2.1967076468665243,
      "CH4_out": 0.1142236306618897,
      "T_out_K": 1506.404186286711,
      "rmse": {
        "T": 11.385962395544162,
        "X_H2": 0.0031774615037489613,
        "X_CO": 0.002899189676759706
      }
    }
  }
}