{
  "T_out": 882.2811437022184,
  "Q_burner": 34290.0,
  "Q_chem": 0.0,
  "residual": 0.0,
  "converged": false,
  "steps": 1,
  "branch_status": "COLD",
  "kernel_T": 2926.7125003367655,
  "kernel_H2": 0.7738015925724978,
  "kernel_CO": 2.247154758787567
}