{
  "T_out": 886.8300421911827,
  "Q_burner": 36360.0,
  "Q_chem": 0.0,
  "residual": 0.0,
  "converged": false,
  "steps": 1,
  "branch_status": "COLD",
  "kernel_T": 2936.3324531880703,
  "kernel_H2": 0.3872407620116413,
  "kernel_CO": 1.09122910898999
}