{
  "T_out": 1908.963017042218,
  "Q_burner": 34290.0,
  "Q_chem": 0.0,
  "residual": 0.0,
  "converged": true,
  "steps": 1,
  "branch_status": "HOT",
  "kernel_T": 2926.7078705377626,
  "kernel_H2": 0.7678166933175217,
  "kernel_CO": 2.228261000373092
}