{
  "T_out": 872.240115135428,
  "Q_burner": 36360.0,
  "Q_chem": 0.0,
  "residual": 0.0,
  "converged": false,
  "steps": 1,
  "branch_status": "COLD",
  "kernel_T": 2936.3365390449862,
  "kernel_H2": 0.3920446101776242,
  "kernel_CO": 1.1060506798687952
}