{
  "T_out": 1954.3046962327417,
  "Q_burner": 34290.0,
  "Q_chem": 0.0,
  "residual": 0.0,
  "converged": true,
  "steps": 1,
  "branch_status": "HOT",
  "kernel_T": 2926.7124979481177,
  "kernel_H2": 0.7738018399877823,
  "kernel_CO": 2.247155541370633
}