{
  "T_out": 825.5010877196615,
  "Q_burner": 34290.0,
  "Q_chem": 0.0,
  "residual": 0.0,
  "converged": false,
  "steps": 1,
  "branch_status": "COLD",
  "kernel_T": 2926.7078698816,
  "kernel_H2": 0.7678199399185918,
  "kernel_CO": 2.228270456834235
}