{
  "H2_CO_out_avg": 2.2360977243002416,
  "CH4_slip_pct_avg": 15.284568436826284,
  "T_out_avg": 1462.765719415021,
  "profile_rmse": {},
  "per_case": {
    "A_case1_richter": {
      "H2_CO_out": 2.2810653620851613,
      "CH4_out": 0.17911769505231498,
      "T_out_K": 1429.9817583999736,
      "rmse": {
        "T": 6.507830255562761,
        "X_H2": 0.015628455594448955,
        "X_CO": 0.0065052810661199965
      }
    },
    "A_case4_richter": {
      "H2_CO_out": 2.221227656586429,
      "CH4_out": 0.11078303355123445,
      "T_out_K": 1445.3857360242557,
      "rmse": {
        "T": 7.421535914344026,
        "X_H2": 0.013405507322090228,
        "X_CO": 0.0054502411902792635
      }
    },
    "B_case1_134L": {
      "H2_CO_out": 2.2497351542845863,
      "CH4_out": 0.19688111735038502,
      "T_out_K": 1480.6010996961518,
      "rmse": {
        "T": 4.230155571741394,
        "X_H2": 0.011585383217651965,
        "X_CO": 0.0030473625333464834
      }
    },
    "B_case4_134L": {
      "H2_CO_out": 2.19236272424479,
      "CH4_out": 0.12460089151911692,
      "T_out_K": 1495.0942835397034,
      "rmse": {
        "T": 4.117773362633616,
        "X_H2": 0.009838113912543616,
        "X_CO": 0.0023423947925861614
      }
    }
  }
}