{
  "T_out": 919.7535389795466,
  "Q_burner": 36360.0,
  "Q_chem": 0.0,
  "residual": 0.0,
  "converged": false,
  "steps": 1,
  "branch_status": "COLD",
  "kernel_T": 2936.3365380568607,
  "kernel_H2": 0.3920435422980613,
  "kernel_CO": 1.1060475557558882
}