{
  "T_out": 1967.0824829036583,
  "Q_burner": 34290.0,
  "Q_chem": 0.0,
  "residual": 0.0,
  "converged": true,
  "steps": 1,
  "branch_status": "HOT",
  "kernel_T": 2926.712613416265,
  "kernel_H2": 0.7738232709533525,
  "kernel_CO": 2.2472036717730903
}