{
  "T_out": 1940.866710659657,
  "Q_burner": 34290.0,
  "Q_chem": 0.0,
  "residual": 0.0,
  "converged": true,
  "steps": 1,
  "branch_status": "HOT",
  "kernel_T": 2926.7125003842743,
  "kernel_H2": 0.7738015152809183,
  "kernel_CO": 2.247154441058967
}