{
  "T_out": 2050.354591706269,
  "Q_burner": 34290.0,
  "Q_chem": 0.0,
  "residual": 0.0,
  "converged": true,
  "steps": 1,
  "branch_status": "HOT",
  "kernel_T": 2926.707868334957,
  "kernel_H2": 0.7678200129980065,
  "kernel_CO": 2.2282706895174043
}