{
  "H2_CO_out_avg": 2.2391598814779967,
  "CH4_slip_pct_avg": 14.111358401540494,
  "T_out_avg": 1472.840403740392,
  "profile_rmse": {},
  "per_case": {
    "A_case1_richter": {
      "H2_CO_out": 2.282312383477449,
      "CH4_out": 0.16636946592050642,
      "T_out_K": 1439.5345208955102,
      "rmse": {
        "T": 3.058846256687656,
        "X_H2": 0.0013439954423500589,
        "X_CO": 0.0005670258534928497
      }
    },
    "A_case4_richter": {
      "H2_CO_out": 2.223781981140602,
      "CH4_out": 0.10088706912657339,
      "T_out_K": 1456.2342806122253,
      "rmse": {
        "T": 3.405977252702618,
        "X_H2": 0.0012565676771729719,
        "X_CO": 0.0004602142531344494
      }
    },
    "B_case1_134L": {
      "H2_CO_out": 2.2534987585506117,
      "CH4_out": 0.18316722399241617,
      "T_out_K": 1489.9052045389983,
      "rmse": {
        "T": 4.966040945730974,
        "X_H2": 0.004456901872548674,
        "X_CO": 0.003864040411965548
      }
    },
    "B_case4_134L": {
      "H2_CO_out": 2.197046402743325,
      "CH4_out": 0.11403057702212385,
      "T_out_K": 1505.6876089148343,
      "rmse": {
        "T": 6.3529740662495495,
        "X_H2": 0.0036483883892845814,
        "X_CO": 0.0033098129280442717
      }
    }
  }
}