{
  "T_out": 922.0764198285218,
  "Q_burner": 36360.0,
  "Q_chem": 0.0,
  "residual": 0.0,
  "converged": false,
  "steps": 1,
  "branch_status": "COLD",
  "kernel_T": 2936.3365379797465,
  "kernel_H2": 0.39204362899462114,
  "kernel_CO": 1.106047792528389
}