{
  "T_out": 889.7286499268964,
  "Q_burner": 36360.0,
  "Q_chem": 0.0,
  "residual": 0.0,
  "converged": false,
  "steps": 1,
  "branch_status": "COLD",
  "kernel_T": 2936.3365369679987,
  "kernel_H2": 0.39204511480658166,
  "kernel_CO": 1.1060521657713538
}