{
  "H2_CO_out_avg": 2.2400874051683033,
  "CH4_slip_pct_avg": 14.062399491143381,
  "T_out_avg": 1471.18202749088,
  "profile_rmse": {},
  "per_case": {
    "A_case1_richter": {
      "H2_CO_out": 2.283396618372588,
      "CH4_out": 0.16577039183245168,
      "T_out_K": 1437.6814439232412,
      "rmse": {
        "T": 1.8771365900703847,
        "X_H2": 0.0011874594543164493,
        "X_CO": 0.0007352814960042179
      }
    },
    "A_case4_richter": {
      "H2_CO_out": 2.224920296085074,
      "CH4_out": 0.10033795211888542,
      "T_out_K": 1454.1051146067211,
      "rmse": {
        "T": 1.8714866898252824,
        "X_H2": 0.0008744425024214946,
        "X_CO": 0.00048103199191569
      }
    },
    "B_case1_134L": {
      "H2_CO_out": 2.254153441539158,
      "CH4_out": 0.18277267617092735,
      "T_out_K": 1488.7656058310251,
      "rmse": {
        "T": 5.113627240633856,
        "X_H2": 0.003989901863713475,
        "X_CO": 0.00346190917406547
      }
    },
    "B_case4_134L": {
      "H2_CO_out": 2.1978792646763927,
      "CH4_out": 0.11361495952347088,
      "T_out_K": 1504.1759456025331,
      "rmse": {
        "T": 5.898609543236142,
        "X_H2": 0.0034469032899718506,
        "X_CO": 0.0030603724936769474
      }
    }
  }
}