{
  "T_out": 827.7265557135272,
  "Q_burner": 34290.0,
  "Q_chem": 0.0,
  "residual": 0.0,
  "converged": false,
  "steps": 1,
  "branch_status": "COLD",
  "kernel_T": 2926.707965175382,
  "kernel_H2": 0.7678407210552095,
  "kernel_CO": 2.2283211598889348
}