{
  "T_out": 825.7212799999314,
  "Q_burner": 34290.0,
  "Q_chem": 0.0,
  "residual": 0.0,
  "converged": false,
  "steps": 1,
  "branch_status": "COLD",
  "kernel_T": 2926.712522708531,
  "kernel_H2": 0.7737921823325414,
  "kernel_CO": 2.2471318191032186
}