{
  "T_out": 826.8005690986515,
  "Q_burner": 34290.0,
  "Q_chem": 0.0,
  "residual": 0.0,
  "converged": false,
  "steps": 1,
  "branch_status": "COLD",
  "kernel_T": 2926.7079827549896,
  "kernel_H2": 0.7678346132912863,
  "kernel_CO": 2.228306715401736
}