{
  "H2_CO_out_avg": 1.7947190151128607,
  "CH4_slip_pct_avg": 0.018455931609350433,
  "T_out_avg": 1856.2559544916712,
  "profile_rmse": {},
  "per_case": {
    "A_case1_richter": {
      "H2_CO_out": 1.9137706752629202,
      "CH4_out": 0.0003591816424259739,
      "T_out_K": 1664.5930018679476,
      "psr_converged": true,
      "psr_temperature_K": 1933.65658118494,
      "feasibility_penalty": 862.2932473707979,
      "dry_X": {
        "H2": 0.6256953957265218,
        "CO": 0.32694376803561465,
        "O2": 7.243786956804484e-13,
        "CH4": 0.0003591816424259739
      },
      "rmse": {
        "T": 20.828305165497223,
        "X_H2": 0.004135492792724111,
        "X_CO": 0.0010406367259700132
      }
    },
    "A_case4_richter": {
      "H2_CO_out": 1.6756673549628012,
      "CH4_out": 9.93698976103477e-06,
      "T_out_K": 2047.9189071153946,
      "psr_converged": true,
      "psr_temperature_K": 2125.6829648144,
      "feasibility_penalty": 3243.3264503719884,
      "dry_X": {
        "H2": 0.592615743600557,
        "CO": 0.3536595385984068,
        "O2": 1.601661915254969e-09,
        "CH4": 9.93698976103477e-06
      },
      "rmse": {
        "T": 37.76625115488435,
        "X_H2": 0.010154941848765423,
        "X_CO": 0.00502600155477549
      }
    }
  },
  "feasibility_penalty": 4105.619697742786,
  "mech_yaml": "/mnt/d/Thesis/Master_Thesis/runs/20251013_234429/gen_15/ind_029/cand_a251f2d9a972/candidate.yaml",
  "n_species": 32,
  "n_reactions": 135
}