{
  "T_out": 1936.9849757045708,
  "Q_burner": 34290.0,
  "Q_chem": 0.0,
  "residual": 0.0,
  "converged": true,
  "steps": 1,
  "branch_status": "HOT",
  "kernel_T": 2926.712525695933,
  "kernel_H2": 0.7737874310426646,
  "kernel_CO": 2.247118089594513
}