{
  "T_out": 825.954803880531,
  "Q_burner": 34290.0,
  "Q_chem": 0.0,
  "residual": 0.0,
  "converged": false,
  "steps": 1,
  "branch_status": "COLD",
  "kernel_T": 2926.7125253235595,
  "kernel_H2": 0.7737916328766141,
  "kernel_CO": 2.247130343579011
}