{
  "H2_CO_out_avg": 1.7905902486984169,
  "CH4_slip_pct_avg": 0.029263386028402186,
  "T_out_avg": 1863.239285943254,
  "profile_rmse": {},
  "per_case": {
    "A_case1_richter": {
      "H2_CO_out": 1.906408108867193,
      "CH4_out": 0.0005771397969128681,
      "T_out_K": 1676.4276176255266,
      "psr_converged": true,
      "psr_temperature_K": 1940.866710659657,
      "feasibility_penalty": 935.9189113280709,
      "dry_X": {
        "H2": 0.6246622381868759,
        "CO": 0.3276644886692475,
        "O2": 9.64632408573959e-13,
        "CH4": 0.0005771397969128681
      },
      "rmse": {
        "T": 39.57329190515199,
        "X_H2": 0.008446724193550397,
        "X_CO": 0.0011901166944571513
      }
    },
    "A_case4_richter": {
      "H2_CO_out": 1.674772388529641,
      "CH4_out": 8.127923655175614e-06,
      "T_out_K": 2050.050954260981,
      "psr_converged": true,
      "psr_temperature_K": 2118.3615495734016,
      "feasibility_penalty": 3252.2761147035894,
      "dry_X": {
        "H2": 0.5924898040484221,
        "CO": 0.3537733295021635,
        "O2": 1.6568116057974193e-09,
        "CH4": 8.127923655175614e-06
      },
      "rmse": {
        "T": 39.38101113258664,
        "X_H2": 0.010347832545200582,
        "X_CO": 0.005060867356673123
      }
    }
  },
  "feasibility_penalty": 4188.195026031661,
  "mech_yaml": "/mnt/d/Thesis/Master_Thesis/runs/20251013_234429/gen_25/ind_024/cand_09320e7cba92/candidate.yaml",
  "n_species": 28,
  "n_reactions": 126
}