{
  "T_out": 868.212897276856,
  "Q_burner": 34290.0,
  "Q_chem": 0.0,
  "residual": 0.0,
  "converged": false,
  "steps": 1,
  "branch_status": "COLD",
  "kernel_T": 2926.70786795647,
  "kernel_H2": 0.7678208312443748,
  "kernel_CO": 2.2282727942390226
}