{
  "T_out": 915.3682191458167,
  "Q_burner": 36360.0,
  "Q_chem": 0.0,
  "residual": 0.0,
  "converged": false,
  "steps": 1,
  "branch_status": "COLD",
  "kernel_T": 2936.3365379902934,
  "kernel_H2": 0.39204361396181064,
  "kernel_CO": 1.1060477336691232
}