{
  "H2_CO_out_avg": 2.240192232085158,
  "CH4_slip_pct_avg": 14.056891015859366,
  "T_out_avg": 1471.0048879553394,
  "profile_rmse": {},
  "per_case": {
    "A_case1_richter": {
      "H2_CO_out": 2.283479597035095,
      "CH4_out": 0.16572598622146337,
      "T_out_K": 1437.544562216682,
      "rmse": {
        "T": 1.5131618618586946,
        "X_H2": 0.0006438160873769369,
        "X_CO": 0.00023567602215590383
      }
    },
    "A_case4_richter": {
      "H2_CO_out": 2.2249808605528543,
      "CH4_out": 0.10030922640700313,
      "T_out_K": 1453.9939830064554,
      "rmse": {
        "T": 1.605966952596209,
        "X_H2": 0.0005898701991174483,
        "X_CO": 0.00019623073625369395
      }
    },
    "B_case1_134L": {
      "H2_CO_out": 2.254321266356821,
      "CH4_out": 0.1826773587821892,
      "T_out_K": 1488.4922497180546,
      "rmse": {
        "T": 4.306044352738185,
        "X_H2": 0.004286107827347271,
        "X_CO": 0.003623132593345459
      }
    },
    "B_case4_134L": {
      "H2_CO_out": 2.1979872043958624,
      "CH4_out": 0.11356306922371899,
      "T_out_K": 1503.9887568801648,
      "rmse": {
        "T": 5.361171087616147,
        "X_H2": 0.0036312649251409018,
        "X_CO": 0.00315274665435077
      }
    }
  }
}