{
  "H2_CO_out_avg": 5.758517359582445e-06,
  "CH4_slip_pct_avg": 56.03161369164494,
  "T_out_avg": 716.4846767863866,
  "profile_rmse": {},
  "per_case": {
    "A_case1_richter": {
      "H2_CO_out": 8.529994962354111e-06,
      "CH4_out": 0.5739118329548424,
      "T_out_K": 735.7749388946855,
      "rmse": {
        "T": 690.6295569029879,
        "X_H2": 0.4752225361054854,
        "X_CO": 0.20987272476969188
      }
    },
    "A_case4_richter": {
      "H2_CO_out": 2.1556215403911472e-07,
      "CH4_out": 0.5331247448396637,
      "T_out_K": 677.9041525697888,
      "rmse": {
        "T": 745.5103665098873,
        "X_H2": 0.5227145159335779,
        "X_CO": 0.23703120490406665
      }
    },
    "B_case1_134L": {
      "H2_CO_out": 8.529994962354111e-06,
      "CH4_out": 0.5739118329548424,
      "T_out_K": 735.7749388946855,
      "rmse": {
        "T": NaN,
        "X_H2": NaN,
        "X_CO": NaN
      }
    }
  }
}