{
  "H2_CO_out_avg": 2.240354305330126,
  "CH4_slip_pct_avg": 14.044058026677634,
  "T_out_avg": 1470.5723013144766,
  "profile_rmse": {},
  "per_case": {
    "A_case1_richter": {
      "H2_CO_out": 2.283663398331001,
      "CH4_out": 0.1655944901405182,
      "T_out_K": 1437.1308081473517,
      "rmse": {
        "T": 1.0653729723351157,
        "X_H2": 0.0005174138972260251,
        "X_CO": 0.00023821239650484183
      }
    },
    "A_case4_richter": {
      "H2_CO_out": 2.225114199546599,
      "CH4_out": 0.10021818503972842,
      "T_out_K": 1453.634134300894,
      "rmse": {
        "T": 1.2112363975554514,
        "X_H2": 0.0004849400747039631,
        "X_CO": 0.00019086252175339752
      }
    },
    "B_case1_134L": {
      "H2_CO_out": 2.2545044537452963,
      "CH4_out": 0.18250549678275124,
      "T_out_K": 1487.9811783695018,
      "rmse": {
        "T": 3.8843164934768857,
        "X_H2": 0.0044318086183934525,
        "X_CO": 0.0036708536392033907
      }
    },
    "B_case4_134L": {
      "H2_CO_out": 2.1981351696976072,
      "CH4_out": 0.11344414910410754,
      "T_out_K": 1503.5430844401594,
      "rmse": {
        "T": 4.947847652094115,
        "X_H2": 0.0037513203427965614,
        "X_CO": 0.0031897952394231693
      }
    }
  }
}