{
  "T_out": 1958.7527253039314,
  "Q_burner": 34290.0,
  "Q_chem": 0.0,
  "residual": 0.0,
  "converged": true,
  "steps": 1,
  "branch_status": "HOT",
  "kernel_T": 2926.7078679179726,
  "kernel_H2": 0.7678208895790548,
  "kernel_CO": 2.228273035200768
}