{
  "T_out": 826.9848910323565,
  "Q_burner": 34290.0,
  "Q_chem": 0.0,
  "residual": 0.0,
  "converged": false,
  "steps": 1,
  "branch_status": "COLD",
  "kernel_T": 2926.70787013198,
  "kernel_H2": 0.7678175476592461,
  "kernel_CO": 2.2282632514815446
}