{
  "T_out": 1912.9569111295075,
  "Q_burner": 34290.0,
  "Q_chem": 0.0,
  "residual": 0.0,
  "converged": true,
  "steps": 1,
  "branch_status": "HOT",
  "kernel_T": 2926.7124979561536,
  "kernel_H2": 0.7738018231443583,
  "kernel_CO": 2.2471554712910553
}