{
  "T_out": 887.27498821911,
  "Q_burner": 36360.0,
  "Q_chem": 0.0,
  "residual": 0.0,
  "converged": false,
  "steps": 1,
  "branch_status": "COLD",
  "kernel_T": 2936.336538904098,
  "kernel_H2": 0.3920448868428305,
  "kernel_CO": 1.1060514453943089
}