{
  "T_out": 888.1390689769161,
  "Q_burner": 34290.0,
  "Q_chem": 0.0,
  "residual": 0.0,
  "converged": false,
  "steps": 1,
  "branch_status": "COLD",
  "kernel_T": 2926.712524996249,
  "kernel_H2": 0.7737926097382051,
  "kernel_CO": 2.2471330613938267
}