{
  "T_out": 834.3206797504469,
  "Q_burner": 34290.0,
  "Q_chem": 0.0,
  "residual": 0.0,
  "converged": false,
  "steps": 1,
  "branch_status": "COLD",
  "kernel_T": 2926.7078679179967,
  "kernel_H2": 0.7678208892429519,
  "kernel_CO": 2.2282730345449293
}