{
  "T_out": 2007.1581802429444,
  "Q_burner": 34290.0,
  "Q_chem": 0.0,
  "residual": 0.0,
  "converged": true,
  "steps": 1,
  "branch_status": "HOT",
  "kernel_T": 2926.7125273784245,
  "kernel_H2": 0.7737885965881965,
  "kernel_CO": 2.2471209042951124
}