{
  "T_out": 826.1247351462571,
  "Q_burner": 34290.0,
  "Q_chem": 0.0,
  "residual": 0.0,
  "converged": false,
  "steps": 1,
  "branch_status": "COLD",
  "kernel_T": 2926.7078707257147,
  "kernel_H2": 0.767816451800048,
  "kernel_CO": 2.228260426051426
}