{
  "H2_CO_out_avg": 2.239976909276311,
  "CH4_slip_pct_avg": 14.06952330777456,
  "T_out_avg": 1471.3702466311015,
  "profile_rmse": {},
  "per_case": {
    "A_case1_richter": {
      "H2_CO_out": 2.283470975857647,
      "CH4_out": 0.16572507312465218,
      "T_out_K": 1437.5399099924894,
      "rmse": {
        "T": 3.983623692426282,
        "X_H2": 0.0028294406128055614,
        "X_CO": 0.0018115217902177014
      }
    },
    "A_case4_richter": {
      "H2_CO_out": 2.225170127700257,
      "CH4_out": 0.10021605664176532,
      "T_out_K": 1453.6304345457934,
      "rmse": {
        "T": 3.3650927055828928,
        "X_H2": 0.0021451638188256595,
        "X_CO": 0.001390937918916873
      }
    },
    "B_case1_134L": {
      "H2_CO_out": 2.253537121266358,
      "CH4_out": 0.18315108850036638,
      "T_out_K": 1489.865240239078,
      "rmse": {
        "T": 9.604746432628467,
        "X_H2": 0.0038716845226324233,
        "X_CO": 0.003353294764612985
      }
    },
    "B_case4_134L": {
      "H2_CO_out": 2.1977294122809816,
      "CH4_out": 0.11368871404419847,
      "T_out_K": 1504.4454017470457,
      "rmse": {
        "T": 9.206102521870136,
        "X_H2": 0.003634901143310902,
        "X_CO": 0.003163219134924586
      }
    }
  }
}