{
  "T_out": 887.9127195856438,
  "Q_burner": 34290.0,
  "Q_chem": 0.0,
  "residual": 0.0,
  "converged": false,
  "steps": 1,
  "branch_status": "COLD",
  "kernel_T": 2926.7078875228594,
  "kernel_H2": 0.7678137661195463,
  "kernel_CO": 2.2282557860803376
}