{
  "T_out": 2133.8385348340603,
  "Q_burner": 36360.0,
  "Q_chem": 0.0,
  "residual": 0.0,
  "converged": true,
  "steps": 1,
  "branch_status": "HOT",
  "kernel_T": 2936.3365390361687,
  "kernel_H2": 0.3920446216098656,
  "kernel_CO": 1.1060507245036795
}