{
  "T_out": 828.1338842852183,
  "Q_burner": 34290.0,
  "Q_chem": 0.0,
  "residual": 0.0,
  "converged": false,
  "steps": 1,
  "branch_status": "COLD",
  "kernel_T": 2926.7078888552887,
  "kernel_H2": 0.7678142991979822,
  "kernel_CO": 2.2282572338813833
}