{
  "T_out": 827.8185462066506,
  "Q_burner": 34290.0,
  "Q_chem": 0.0,
  "residual": 0.0,
  "converged": false,
  "steps": 1,
  "branch_status": "COLD",
  "kernel_T": 2926.712524626453,
  "kernel_H2": 0.7737930284720456,
  "kernel_CO": 2.2471338691176306
}