{
  "T_out": 1962.9132746525934,
  "Q_burner": 34290.0,
  "Q_chem": 0.0,
  "residual": 0.0,
  "converged": true,
  "steps": 1,
  "branch_status": "HOT",
  "kernel_T": 2926.712498463263,
  "kernel_H2": 0.7738006739139767,
  "kernel_CO": 2.24715240810381
}