{
  "T_out": 901.6529400160967,
  "Q_burner": 36360.0,
  "Q_chem": 0.0,
  "residual": 0.0,
  "converged": false,
  "steps": 1,
  "branch_status": "COLD",
  "kernel_T": 2936.3324530637938,
  "kernel_H2": 0.38724098124511536,
  "kernel_CO": 1.0912297271861597
}