{
  "T_out": 1006.1795321791399,
  "Q_burner": 36360.0,
  "Q_chem": 0.0,
  "residual": 0.0,
  "converged": false,
  "steps": 1,
  "branch_status": "COLD",
  "kernel_T": 2936.332563608208,
  "kernel_H2": 0.38724693172881364,
  "kernel_CO": 1.091243574541237
}