{
  "H2_CO_out_avg": 2.240512664091998,
  "CH4_slip_pct_avg": 14.03878516031821,
  "T_out_avg": 1470.392681299762,
  "profile_rmse": {},
  "per_case": {
    "A_case1_richter": {
      "H2_CO_out": 2.2837081847579666,
      "CH4_out": 0.16559349040894286,
      "T_out_K": 1437.1299226763092,
      "rmse": {
        "T": 0.9365117757296997,
        "X_H2": 0.0007199101076882897,
        "X_CO": 0.0004932653268803483
      }
    },
    "A_case4_richter": {
      "H2_CO_out": 2.225251127776704,
      "CH4_out": 0.10017655132975976,
      "T_out_K": 1453.4758614246314,
      "rmse": {
        "T": 0.9022212428873648,
        "X_H2": 0.0005170375165627458,
        "X_CO": 0.00033679063081472685
      }
    },
    "B_case1_134L": {
      "H2_CO_out": 2.2546743996458245,
      "CH4_out": 0.1824409650905843,
      "T_out_K": 1487.7969755377794,
      "rmse": {
        "T": 3.2184426936918302,
        "X_H2": 0.005198131250904723,
        "X_CO": 0.00416639005933326
      }
    },
    "B_case4_134L": {
      "H2_CO_out": 2.198416944187497,
      "CH4_out": 0.11334039958344147,
      "T_out_K": 1503.1679655603273,
      "rmse": {
        "T": 4.163808095879165,
        "X_H2": 0.004398561424077733,
        "X_CO": 0.0035690925206859356
      }
    }
  }
}