{
  "H2_CO_out_avg": 2.234515422985992,
  "CH4_slip_pct_avg": 15.376744500405975,
  "T_out_avg": 1465.5986439609405,
  "profile_rmse": {},
  "per_case": {
    "A_case1_richter": {
      "H2_CO_out": 2.280029526551664,
      "CH4_out": 0.1797096386567276,
      "T_out_K": 1431.7295606816226,
      "rmse": {
        "T": 5.103687673288301,
        "X_H2": 0.01878455180841354,
        "X_CO": 0.008379271221054743
      }
    },
    "A_case4_richter": {
      "H2_CO_out": 2.220583756694222,
      "CH4_out": 0.11111544166924564,
      "T_out_K": 1446.625025933861,
      "rmse": {
        "T": 6.0951770663316145,
        "X_H2": 0.015519655146210787,
        "X_CO": 0.006743462042888969
      }
    },
    "B_case1_134L": {
      "H2_CO_out": 2.2469646756569976,
      "CH4_out": 0.19866162387878455,
      "T_out_K": 1485.5116099948118,
      "rmse": {
        "T": 9.147469445236354,
        "X_H2": 0.01956065395724381,
        "X_CO": 0.008443388605217601
      }
    },
    "B_case4_134L": {
      "H2_CO_out": 2.1904837330410847,
      "CH4_out": 0.1255830758114812,
      "T_out_K": 1498.5283792334671,
      "rmse": {
        "T": 8.271252241021275,
        "X_H2": 0.015563162537803354,
        "X_CO": 0.006504730764683131
      }
    }
  }
}