{
  "T_out": 826.7838905557572,
  "Q_burner": 34290.0,
  "Q_chem": 0.0,
  "residual": 0.0,
  "converged": false,
  "steps": 1,
  "branch_status": "COLD",
  "kernel_T": 2926.7079610200394,
  "kernel_H2": 0.7678449824441976,
  "kernel_CO": 2.2283334020426575
}