{
  "H2_CO_out_avg": 1.9665616176541976,
  "CH4_slip_pct_avg": 14.638545471875709,
  "T_out_avg": 1464.398998757075,
  "profile_rmse": {},
  "per_case": {
    "A_case1_richter": {
      "H2_CO_out": 1.9836828105689535,
      "CH4_out": 0.17244125057528342,
      "T_out_K": 1430.4571664795462,
      "rmse": {
        "T": 4.75802155089085,
        "X_H2": 0.02524410980953419,
        "X_CO": 0.01965943167559797
      }
    },
    "A_case4_richter": {
      "H2_CO_out": 1.9884032803403928,
      "CH4_out": 0.10434962798149025,
      "T_out_K": 1446.911842183516,
      "rmse": {
        "T": 4.7138772961636555,
        "X_H2": 0.021726419578917428,
        "X_CO": 0.017394460367500576
      }
    },
    "B_case1_134L": {
      "H2_CO_out": 1.941270495539992,
      "CH4_out": 0.19047802227818159,
      "T_out_K": 1482.4998278998216,
      "rmse": {
        "T": 1.7891056675906956,
        "X_H2": 0.02239553430696612,
        "X_CO": 0.023615374889006877
      }
    },
    "B_case4_134L": {
      "H2_CO_out": 1.9528898841674516,
      "CH4_out": 0.11827291804007317,
      "T_out_K": 1497.727158465416,
      "rmse": {
        "T": 1.9910407256984985,
        "X_H2": 0.01900941304390089,
        "X_CO": 0.02099126570607282
      }
    }
  }
}