{
  "T_out": 848.7790681144833,
  "Q_burner": 36360.0,
  "Q_chem": 0.0,
  "residual": 0.0,
  "converged": false,
  "steps": 1,
  "branch_status": "COLD",
  "kernel_T": 2936.3365399203158,
  "kernel_H2": 0.39204339220788753,
  "kernel_CO": 1.106047049594231
}