{
  "T_out": 826.9103072037855,
  "Q_burner": 34290.0,
  "Q_chem": 0.0,
  "residual": 0.0,
  "converged": false,
  "steps": 1,
  "branch_status": "COLD",
  "kernel_T": 2926.7125005828907,
  "kernel_H2": 0.7738012507905648,
  "kernel_CO": 2.2471539051215923
}