{
  "T_out": 2033.8094881675931,
  "Q_burner": 34290.0,
  "Q_chem": 0.0,
  "residual": 0.0,
  "converged": true,
  "steps": 1,
  "branch_status": "HOT",
  "kernel_T": 2926.712500854359,
  "kernel_H2": 0.7738004218019635,
  "kernel_CO": 2.247151608655385
}