{
  "T_out": 886.5082243991175,
  "Q_burner": 34290.0,
  "Q_chem": 0.0,
  "residual": 0.0,
  "converged": false,
  "steps": 1,
  "branch_status": "COLD",
  "kernel_T": 2926.7078679224855,
  "kernel_H2": 0.7678208805031771,
  "kernel_CO": 2.228272995159686
}