{
  "T_out": 903.3394736856421,
  "Q_burner": 36360.0,
  "Q_chem": 0.0,
  "residual": 0.0,
  "converged": false,
  "steps": 1,
  "branch_status": "COLD",
  "kernel_T": 2936.3365369753888,
  "kernel_H2": 0.39204510009757815,
  "kernel_CO": 1.1060521208896215
}