{
  "T_out": 827.5346075233459,
  "Q_burner": 34290.0,
  "Q_chem": 0.0,
  "residual": 0.0,
  "converged": false,
  "steps": 1,
  "branch_status": "COLD",
  "kernel_T": 2926.712501495969,
  "kernel_H2": 0.773795851514575,
  "kernel_CO": 2.2471383951412682
}