{
  "T_out": 845.4498228809304,
  "Q_burner": 34290.0,
  "Q_chem": 0.0,
  "residual": 0.0,
  "converged": false,
  "steps": 1,
  "branch_status": "COLD",
  "kernel_T": 2926.7079631168813,
  "kernel_H2": 0.7678438705422279,
  "kernel_CO": 2.228330542803763
}