{
  "T_out": 826.1757200557892,
  "Q_burner": 34290.0,
  "Q_chem": 0.0,
  "residual": 0.0,
  "converged": false,
  "steps": 1,
  "branch_status": "COLD",
  "kernel_T": 2926.707887740331,
  "kernel_H2": 0.7678134842306104,
  "kernel_CO": 2.2282550501643765
}