{
  "T_out": 2006.2029126588354,
  "Q_burner": 34290.0,
  "Q_chem": 0.0,
  "residual": 0.0,
  "converged": true,
  "steps": 1,
  "branch_status": "HOT",
  "kernel_T": 2926.7078681144735,
  "kernel_H2": 0.7678206316669055,
  "kernel_CO": 2.2282723944159017
}