{
  "H2_CO_out_avg": 1.7919219271647884,
  "CH4_slip_pct_avg": 0.4572252828025542,
  "T_out_avg": 1856.846264872711,
  "profile_rmse": {},
  "per_case": {
    "A_case1_richter": {
      "H2_CO_out": 1.8955515434408272,
      "CH4_out": 0.009141821143721056,
      "T_out_K": 1687.647769466152,
      "psr_converged": true,
      "psr_temperature_K": 1962.9132746525934,
      "feasibility_penalty": 1044.484565591728,
      "dry_X": {
        "H2": 0.6171297232160667,
        "CO": 0.3255673660531782,
        "O2": 1.3387238841184838e-12,
        "CH4": 0.009141821143721056
      },
      "rmse": {
        "T": 69.29699203898087,
        "X_H2": 0.025645213365926896,
        "X_CO": 0.008180914629416893
      }
    },
    "A_case4_richter": {
      "H2_CO_out": 1.6882923108887493,
      "CH4_out": 2.6845123300282396e-06,
      "T_out_K": 2026.0447602792697,
      "psr_converged": true,
      "psr_temperature_K": 2190.027471241832,
      "feasibility_penalty": 3117.076891112507,
      "dry_X": {
        "H2": 0.5946303491859888,
        "CO": 0.35220817233537244,
        "O2": 1.1066771468870568e-09,
        "CH4": 2.6845123300282396e-06
      },
      "rmse": {
        "T": 25.99416896910021,
        "X_H2": 0.006884116179181527,
        "X_CO": 0.0034894504864327186
      }
    }
  },
  "feasibility_penalty": 4161.561456704235,
  "mech_yaml": "/mnt/d/Thesis/Master_Thesis/runs/20251013_234429/gen_26/ind_028/cand_a9063fe7037d/candidate.yaml",
  "n_species": 31,
  "n_reactions": 115
}