{
  "T_out": 859.7102904634528,
  "Q_burner": 36360.0,
  "Q_chem": 0.0,
  "residual": 0.0,
  "converged": false,
  "steps": 1,
  "branch_status": "COLD",
  "kernel_T": 2936.336551378989,
  "kernel_H2": 0.3920397660260376,
  "kernel_CO": 1.1060378505757822
}