{
  "T_out": 849.2798498752778,
  "Q_burner": 36360.0,
  "Q_chem": 0.0,
  "residual": 0.0,
  "converged": false,
  "steps": 1,
  "branch_status": "COLD",
  "kernel_T": 2936.336538966759,
  "kernel_H2": 0.3920448170526318,
  "kernel_CO": 1.106051286977872
}