{
  "T_out": 872.8833247576116,
  "Q_burner": 36360.0,
  "Q_chem": 0.0,
  "residual": 0.0,
  "converged": false,
  "steps": 1,
  "branch_status": "COLD",
  "kernel_T": 2936.3325509289,
  "kernel_H2": 0.38725073067987265,
  "kernel_CO": 1.091253666558269
}