{
  "T_out": 826.5200433917068,
  "Q_burner": 34290.0,
  "Q_chem": 0.0,
  "residual": 0.0,
  "converged": false,
  "steps": 1,
  "branch_status": "COLD",
  "kernel_T": 2926.7079612096036,
  "kernel_H2": 0.7678447377940797,
  "kernel_CO": 2.2283328160925002
}