{
  "T_out": 825.5606330176262,
  "Q_burner": 34290.0,
  "Q_chem": 0.0,
  "residual": 0.0,
  "converged": false,
  "steps": 1,
  "branch_status": "COLD",
  "kernel_T": 2926.7078698795294,
  "kernel_H2": 0.7678199437348433,
  "kernel_CO": 2.2282704705316543
}