{
  "T_out": 826.8781720788188,
  "Q_burner": 34290.0,
  "Q_chem": 0.0,
  "residual": 0.0,
  "converged": false,
  "steps": 1,
  "branch_status": "COLD",
  "kernel_T": 2926.7078705377635,
  "kernel_H2": 0.7678166933174698,
  "kernel_CO": 2.2282610003728953
}