{
  "H2_CO_out_avg": 2.240864767408878,
  "CH4_slip_pct_avg": 14.016242632741902,
  "T_out_avg": 1469.6353909598456,
  "profile_rmse": {},
  "per_case": {
    "A_case1_richter": {
      "H2_CO_out": 2.284110298796721,
      "CH4_out": 0.16534430899536307,
      "T_out_K": 1436.352770354382,
      "rmse": {
        "T": 0.1966840674141906,
        "X_H2": 0.00012981222798811128,
        "X_CO": 7.640771199937899e-05
      }
    },
    "A_case4_richter": {
      "H2_CO_out": 2.2255848234800784,
      "CH4_out": 0.09998937875370836,
      "T_out_K": 1452.742882571086,
      "rmse": {
        "T": 0.1784348110919743,
        "X_H2": 8.926410329398639e-05,
        "X_CO": 3.473777706726706e-05
      }
    },
    "B_case1_134L": {
      "H2_CO_out": 2.2550249307953467,
      "CH4_out": 0.1821788978264631,
      "T_out_K": 1487.0286183350654,
      "rmse": {
        "T": 2.8928385350655708,
        "X_H2": 0.004959441719915836,
        "X_CO": 0.003916773122185456
      }
    },
    "B_case4_134L": {
      "H2_CO_out": 2.1987390165633647,
      "CH4_out": 0.11313711973414158,
      "T_out_K": 1502.4172925788491,
      "rmse": {
        "T": 3.699332799462742,
        "X_H2": 0.004269379360171756,
        "X_CO": 0.003392907464967525
      }
    }
  }
}