{
  "T_out": 1970.775497144526,
  "Q_burner": 34290.0,
  "Q_chem": 0.0,
  "residual": 0.0,
  "converged": true,
  "steps": 1,
  "branch_status": "HOT",
  "kernel_T": 2926.712501266227,
  "kernel_H2": 0.7737961588558713,
  "kernel_CO": 2.2471391058885497
}