{
  "T_out": 874.1295818746837,
  "Q_burner": 36360.0,
  "Q_chem": 0.0,
  "residual": 0.0,
  "converged": false,
  "steps": 1,
  "branch_status": "COLD",
  "kernel_T": 2936.336551377262,
  "kernel_H2": 0.3920397696253901,
  "kernel_CO": 1.1060378647955347
}