{
  "T_out": 899.6642795837236,
  "Q_burner": 36360.0,
  "Q_chem": 0.0,
  "residual": 0.0,
  "converged": false,
  "steps": 1,
  "branch_status": "COLD",
  "kernel_T": 2936.3365371113837,
  "kernel_H2": 0.3920448329562562,
  "kernel_CO": 1.1060513803826644
}