{
  "T_out": 882.3944710523552,
  "Q_burner": 36360.0,
  "Q_chem": 0.0,
  "residual": 0.0,
  "converged": false,
  "steps": 1,
  "branch_status": "COLD",
  "kernel_T": 2936.3365531030045,
  "kernel_H2": 0.39203989550715845,
  "kernel_CO": 1.1060381088844338
}