{
  "T_out": 861.9080030480931,
  "Q_burner": 36360.0,
  "Q_chem": 0.0,
  "residual": 0.0,
  "converged": false,
  "steps": 1,
  "branch_status": "COLD",
  "kernel_T": 2936.3324651171893,
  "kernel_H2": 0.3872379239670043,
  "kernel_CO": 1.0912218730761405
}