{
  "T_out": 864.0407353804568,
  "Q_burner": 34290.0,
  "Q_chem": 0.0,
  "residual": 0.0,
  "converged": false,
  "steps": 1,
  "branch_status": "COLD",
  "kernel_T": 2926.707870569854,
  "kernel_H2": 0.7678166474541137,
  "kernel_CO": 2.2282608116195717
}