{
  "cases_root": "D:\\Thesis\\Master_Thesis\\hp_pox_0d_1d\\hp_pox_results_gri",
  "cases": [
    "A_case1_richter",
    "A_case4_richter",
    "B_case1_134L",
    "B_case4_134L"
  ],
  "files": [
    {
      "case": "A_case1_richter",
      "features": "D:\\Thesis\\Master_Thesis\\hp_pox_0d_1d\\reduction\\work_gri\\A_case1_richter_features.parquet",
      "taps": {
        "5": {
          "z_m": 0.116,
          "T_C": 1302.5709096754283,
          "X_H2": 0.4413166018842336,
          "X_CH4": 0.1712073214467795,
          "X_CO": 0.198532163430456,
          "X_CO2": 0.0241708536363592
        },
        "20": {
          "z_m": 0.464,
          "T_C": 1239.124797304009,
          "X_H2": 0.4677353610928889,
          "X_CH4": 0.1569832144820118,
          "X_CO": 0.2081865904515965,
          "X_CO2": 0.0232300082523598
        },
        "50": {
          "z_m": 1.16,
          "T_C": 1197.835905620812,
          "X_H2": 0.4810433248624574,
          "X_CH4": 0.1493158729936146,
          "X_CO": 0.2121952154085779,
          "X_CO2": 0.0230602713152281
        },
        "100": {
          "z_m": 2.32,
          "T_C": 1163.118460838305,
          "X_H2": 0.4889491002231384,
          "X_CH4": 0.1448716340631,
          "X_CO": 0.21405584377752,
          "X_CO2": 0.0233159234245246
        }
      },
      "kpis": "D:\\Thesis\\Master_Thesis\\hp_pox_0d_1d\\hp_pox_results_gri\\A_case1_richter\\kpis.json"
    },
    {
      "case": "A_case4_richter",
      "features": "D:\\Thesis\\Master_Thesis\\hp_pox_0d_1d\\reduction\\work_gri\\A_case4_richter_features.parquet",
      "taps": {
        "5": {
          "z_m": 0.116,
          "T_C": 1323.44461825013,
          "X_H2": 0.495254078986823,
          "X_CH4": 0.1103993512299016,
          "X_CO": 0.2291574451127859,
          "X_CO2": 0.0212654692466089
        },
        "20": {
          "z_m": 0.464,
          "T_C": 1260.620321997571,
          "X_H2": 0.5166681137364156,
          "X_CH4": 0.0984209505864763,
          "X_CO": 0.2359185395737555,
          "X_CO2": 0.0205940417919313
        },
        "50": {
          "z_m": 1.16,
          "T_C": 1217.8456297022094,
          "X_H2": 0.5275860613385583,
          "X_CH4": 0.092207162921457,
          "X_CO": 0.2387819814354826,
          "X_CO2": 0.0205621470563788
        },
        "100": {
          "z_m": 2.32,
          "T_C": 1179.5245675681845,
          "X_H2": 0.5339078098709141,
          "X_CH4": 0.0888196627128275,
          "X_CO": 0.2398853206475981,
          "X_CO2": 0.0209672793134579
        }
      },
      "kpis": "D:\\Thesis\\Master_Thesis\\hp_pox_0d_1d\\hp_pox_results_gri\\A_case4_richter\\kpis.json"
    },
    {
      "case": "B_case1_134L",
      "features": "D:\\Thesis\\Master_Thesis\\hp_pox_0d_1d\\reduction\\work_gri\\B_case1_134L_features.parquet",
      "taps": {
        "5": {
          "z_m": 0.05,
          "T_C": 1361.879847051121,
          "X_H2": 0.4000109761541157,
          "X_CH4": 0.195163344380795,
          "X_CO": 0.1762224055265017,
          "X_CO2": 0.0259536507659942
        },
        "20": {
          "z_m": 0.2,
          "T_C": 1294.7736770208094,
          "X_H2": 0.4365900268586974,
          "X_CH4": 0.1808157097726801,
          "X_CO": 0.1946880538493051,
          "X_CO2": 0.0241739236920782
        },
        "50": {
          "z_m": 0.5,
          "T_C": 1248.8436820427132,
          "X_H2": 0.4539924240651691,
          "X_CH4": 0.1718973294216607,
          "X_CO": 0.2012251745040713,
          "X_CO2": 0.0236921063372024
        },
        "100": {
          "z_m": 1.0,
          "T_C": 1211.3861553273196,
          "X_H2": 0.4639603528341582,
          "X_CH4": 0.166604582905068,
          "X_CO": 0.2042195313649324,
          "X_CO2": 0.0237762878019937
        }
      },
      "kpis": "D:\\Thesis\\Master_Thesis\\hp_pox_0d_1d\\hp_pox_results_gri\\B_case1_134L\\kpis.json"
    },
    {
      "case": "B_case4_134L",
      "features": "D:\\Thesis\\Master_Thesis\\hp_pox_0d_1d\\reduction\\work_gri\\B_case4_134L_features.parquet",
      "taps": {
        "5": {
          "z_m": 0.05,
          "T_C": 1384.27481727858,
          "X_H2": 0.4622882847678702,
          "X_CH4": 0.1326822522359373,
          "X_CO": 0.2140677319727109,
          "X_CO2": 0.0226368412610563
        },
        "20": {
          "z_m": 0.2,
          "T_C": 1313.7173719267444,
          "X_H2": 0.4909450732613373,
          "X_CH4": 0.1190229404554479,
          "X_CO": 0.2256649094227713,
          "X_CO2": 0.0213744110105943
        },
        "50": {
          "z_m": 0.5,
          "T_C": 1266.5628427571214,
          "X_H2": 0.5046932241502925,
          "X_CH4": 0.1116073619131216,
          "X_CO": 0.2299513044388288,
          "X_CO2": 0.0211351291855626
        },
        "100": {
          "z_m": 1.0,
          "T_C": 1225.8349695072293,
          "X_H2": 0.5124767809686,
          "X_CH4": 0.1074979227648587,
          "X_CO": 0.2317463845288001,
          "X_CO2": 0.0214132371825264
        }
      },
      "kpis": "D:\\Thesis\\Master_Thesis\\hp_pox_0d_1d\\hp_pox_results_gri\\B_case4_134L\\kpis.json"
    }
  ],
  "taps_pct": [
    5,
    20,
    50,
    100
  ]
}