{
  "T_out": 862.3411781197253,
  "Q_burner": 36360.0,
  "Q_chem": 0.0,
  "residual": 0.0,
  "converged": false,
  "steps": 1,
  "branch_status": "COLD",
  "kernel_T": 2936.3366564898583,
  "kernel_H2": 0.3920486007373368,
  "kernel_CO": 1.1060551873669486
}