{
  "T_out": 2034.8015482696892,
  "Q_burner": 34290.0,
  "Q_chem": 0.0,
  "residual": 0.0,
  "converged": true,
  "steps": 1,
  "branch_status": "HOT",
  "kernel_T": 2926.712498701243,
  "kernel_H2": 0.7738003494908802,
  "kernel_CO": 2.247151625477008
}