{
  "H2_CO_out_avg": 1.8031236772403965,
  "CH4_slip_pct_avg": 0.020158092340491648,
  "T_out_avg": 1842.1050316317114,
  "profile_rmse": {},
  "per_case": {
    "A_case1_richter": {
      "H2_CO_out": 1.9189943988286478,
      "CH4_out": 0.0003920107356965011,
      "T_out_K": 1656.2323956660396,
      "psr_converged": true,
      "psr_temperature_K": 1911.9016943807517,
      "feasibility_penalty": 810.0560117135225,
      "dry_X": {
        "H2": 0.6262943860196368,
        "CO": 0.32636592707197387,
        "O2": 5.907598181469371e-13,
        "CH4": 0.0003920107356965011
      },
      "rmse": {
        "T": 11.36787284410598,
        "X_H2": 0.0020036890436376056,
        "X_CO": 0.0002007121157418502
      }
    },
    "A_case4_richter": {
      "H2_CO_out": 1.687252955652145,
      "CH4_out": 1.115111111333186e-05,
      "T_out_K": 2027.977667597383,
      "psr_converged": true,
      "psr_temperature_K": 2122.2539850505823,
      "feasibility_penalty": 3127.4704434785504,
      "dry_X": {
        "H2": 0.5944644802048284,
        "CO": 0.35232682699616924,
        "O2": 1.143288312529927e-09,
        "CH4": 1.115111111333186e-05
      },
      "rmse": {
        "T": 25.16884617578573,
        "X_H2": 0.008955594111437743,
        "X_CO": 0.005067783744928926
      }
    }
  },
  "feasibility_penalty": 3937.5264551920727,
  "mech_yaml": "/mnt/d/Thesis/Master_Thesis/runs/20251013_234429/gen_21/ind_032/cand_7f6a3b3d3506/candidate.yaml",
  "n_species": 31,
  "n_reactions": 145
}