{
  "H2_CO_out_avg": 8.529994962354111e-06,
  "CH4_slip_pct_avg": 57.39118329548424,
  "T_out_avg": 735.7749388946855,
  "profile_rmse": {},
  "per_case": {
    "A_case1_richter": {
      "H2_CO_out": 8.529994962354111e-06,
      "CH4_out": 0.5739118329548424,
      "T_out_K": 735.7749388946855,
      "rmse": {
        "T": 690.6295569029879,
        "X_H2": 0.4752225361054854,
        "X_CO": 0.20987272476969188
      }
    }
  }
}