{
  "T_out": 1954.2112957032532,
  "Q_burner": 34290.0,
  "Q_chem": 0.0,
  "residual": 0.0,
  "converged": true,
  "steps": 1,
  "branch_status": "HOT",
  "kernel_T": 2926.7126129077983,
  "kernel_H2": 0.773824422621032,
  "kernel_CO": 2.247206744380001
}