{
  "T_out": 863.4117838642434,
  "Q_burner": 34290.0,
  "Q_chem": 0.0,
  "residual": 0.0,
  "converged": false,
  "steps": 1,
  "branch_status": "COLD",
  "kernel_T": 2926.7078685182423,
  "kernel_H2": 0.7678197807391388,
  "kernel_CO": 2.2282701561571487
}