{
  "T_out": 831.6263916765605,
  "Q_burner": 34290.0,
  "Q_chem": 0.0,
  "residual": 0.0,
  "converged": false,
  "steps": 1,
  "branch_status": "COLD",
  "kernel_T": 2926.707887748868,
  "kernel_H2": 0.7678134681011062,
  "kernel_CO": 2.2282550130517156
}