{
  "T_out": 918.6466431389383,
  "Q_burner": 36360.0,
  "Q_chem": 0.0,
  "residual": 0.0,
  "converged": false,
  "steps": 1,
  "branch_status": "COLD",
  "kernel_T": 2936.332453828611,
  "kernel_H2": 0.387240014597367,
  "kernel_CO": 1.0912268657250617
}