{
  "T_out": 923.3344889617081,
  "Q_burner": 34290.0,
  "Q_chem": 0.0,
  "residual": 0.0,
  "converged": false,
  "steps": 1,
  "branch_status": "COLD",
  "kernel_T": 2926.707870107647,
  "kernel_H2": 0.7678196419368079,
  "kernel_CO": 2.228269683811383
}