{
  "T_out": 908.6527764519768,
  "Q_burner": 36360.0,
  "Q_chem": 0.0,
  "residual": 0.0,
  "converged": false,
  "steps": 1,
  "branch_status": "COLD",
  "kernel_T": 2936.33653798466,
  "kernel_H2": 0.392043619206901,
  "kernel_CO": 1.1060477665351387
}