{
  "T_out": 927.1959943271247,
  "Q_burner": 36360.0,
  "Q_chem": 0.0,
  "residual": 0.0,
  "converged": false,
  "steps": 1,
  "branch_status": "COLD",
  "kernel_T": 2936.336537109657,
  "kernel_H2": 0.3920448365576477,
  "kernel_CO": 1.1060513946093717
}