{
  "H2_CO_out_avg": 2.2384912695736805,
  "CH4_slip_pct_avg": 14.154061982573243,
  "T_out_avg": 1474.1517914556407,
  "profile_rmse": {},
  "per_case": {
    "A_case1_richter": {
      "H2_CO_out": 2.2822604923152063,
      "CH4_out": 0.16641723065899924,
      "T_out_K": 1439.6895325772775,
      "rmse": {
        "T": 8.205363999694756,
        "X_H2": 0.005730578633399146,
        "X_CO": 0.0036742184608328883
      }
    },
    "A_case4_richter": {
      "H2_CO_out": 2.2241229079855978,
      "CH4_out": 0.10073008629182573,
      "T_out_K": 1455.6302717907467,
      "rmse": {
        "T": 7.121177910867878,
        "X_H2": 0.004417446452734817,
        "X_CO": 0.002863365906670231
      }
    },
    "B_case1_134L": {
      "H2_CO_out": 2.251546209258413,
      "CH4_out": 0.18445123409450387,
      "T_out_K": 1493.6420526179397,
      "rmse": {
        "T": 16.700599943704425,
        "X_H2": 0.007704193415232293,
        "X_CO": 0.005540629192332384
      }
    },
    "B_case4_134L": {
      "H2_CO_out": 2.196035468735506,
      "CH4_out": 0.1145639282576009,
      "T_out_K": 1507.645308836599,
      "rmse": {
        "T": 15.580441113031712,
        "X_H2": 0.0063281983339608635,
        "X_CO": 0.004800532375838746
      }
    }
  }
}