{
  "H2_CO_out_avg": 2.033791026597442,
  "CH4_slip_pct_avg": 14.429098431327786,
  "T_out_avg": 1464.221911501255,
  "profile_rmse": {},
  "per_case": {
    "A_case1_richter": {
      "H2_CO_out": 2.0535170404761702,
      "CH4_out": 0.17027429310891212,
      "T_out_K": 1430.7357815533423,
      "rmse": {
        "T": 5.222020947562981,
        "X_H2": 0.01806544763481751,
        "X_CO": 0.015075477804829304
      }
    },
    "A_case4_richter": {
      "H2_CO_out": 2.050626655808847,
      "CH4_out": 0.1028506274009761,
      "T_out_K": 1447.4153368832567,
      "rmse": {
        "T": 4.807447280568606,
        "X_H2": 0.015014662247135543,
        "X_CO": 0.012735886386848925
      }
    },
    "B_case1_134L": {
      "H2_CO_out": 2.013978600487178,
      "CH4_out": 0.18767722109554957,
      "T_out_K": 1481.5188484408766,
      "rmse": {
        "T": 2.6256758936134554,
        "X_H2": 0.013891721259576599,
        "X_CO": 0.019556932571407046
      }
    },
    "B_case4_134L": {
      "H2_CO_out": 2.017041809617572,
      "CH4_out": 0.11636179564767359,
      "T_out_K": 1497.217679127544,
      "rmse": {
        "T": 1.2959316605731483,
        "X_H2": 0.011364613742625367,
        "X_CO": 0.016638116548683846
      }
    }
  }
}