{
  "T_out": 824.8663523440028,
  "Q_burner": 34290.0,
  "Q_chem": 0.0,
  "residual": 0.0,
  "converged": false,
  "steps": 1,
  "branch_status": "COLD",
  "kernel_T": 2926.7078682515535,
  "kernel_H2": 0.767820513669129,
  "kernel_CO": 2.228272190680403
}