{
  "T_out": 2051.9275432085733,
  "Q_burner": 34290.0,
  "Q_chem": 0.0,
  "residual": 0.0,
  "converged": true,
  "steps": 1,
  "branch_status": "HOT",
  "kernel_T": 2926.7125252522133,
  "kernel_H2": 0.7737884673457078,
  "kernel_CO": 2.24712074250707
}