{
  "T_out": 825.8963970266891,
  "Q_burner": 34290.0,
  "Q_chem": 0.0,
  "residual": 0.0,
  "converged": false,
  "steps": 1,
  "branch_status": "COLD",
  "kernel_T": 2926.7124987038464,
  "kernel_H2": 0.7738003442325307,
  "kernel_CO": 2.2471516075217774
}