{
  "T_out": 897.0576735298358,
  "Q_burner": 36360.0,
  "Q_chem": 0.0,
  "residual": 0.0,
  "converged": false,
  "steps": 1,
  "branch_status": "COLD",
  "kernel_T": 2936.33653711493,
  "kernel_H2": 0.39204482614896713,
  "kernel_CO": 1.1060513664248817
}