{
  "T_out": 2166.613757954521,
  "Q_burner": 36360.0,
  "Q_chem": 0.0,
  "residual": 0.0,
  "converged": true,
  "steps": 1,
  "branch_status": "HOT",
  "kernel_T": 2936.336537111384,
  "kernel_H2": 0.3920448329567298,
  "kernel_CO": 1.1060513803843266
}