{
  "T_out": 1984.6842833984556,
  "Q_burner": 34290.0,
  "Q_chem": 0.0,
  "residual": 0.0,
  "converged": true,
  "steps": 1,
  "branch_status": "HOT",
  "kernel_T": 2926.7126129232415,
  "kernel_H2": 0.7738243886522407,
  "kernel_CO": 2.2472066578783787
}