{
  "T_out": 826.3551282010411,
  "Q_burner": 34290.0,
  "Q_chem": 0.0,
  "residual": 0.0,
  "converged": false,
  "steps": 1,
  "branch_status": "COLD",
  "kernel_T": 2926.712498463287,
  "kernel_H2": 0.7738006736209234,
  "kernel_CO": 2.247152407974632
}