{
  "T_out": 826.1876951460152,
  "Q_burner": 34290.0,
  "Q_chem": 0.0,
  "residual": 0.0,
  "converged": false,
  "steps": 1,
  "branch_status": "COLD",
  "kernel_T": 2926.712522758156,
  "kernel_H2": 0.7737920985040678,
  "kernel_CO": 2.2471315323497434
}