{
  "T_out": 2190.027471241832,
  "Q_burner": 36360.0,
  "Q_chem": 0.0,
  "residual": 0.0,
  "converged": true,
  "steps": 1,
  "branch_status": "HOT",
  "kernel_T": 2936.336537111014,
  "kernel_H2": 0.3920448336033748,
  "kernel_CO": 1.106051382667751
}