{
  "T_out": 1965.438631599823,
  "Q_burner": 34290.0,
  "Q_chem": 0.0,
  "residual": 0.0,
  "converged": true,
  "steps": 1,
  "branch_status": "HOT",
  "kernel_T": 2926.7125012605816,
  "kernel_H2": 0.7737961711845938,
  "kernel_CO": 2.247139159811461
}