{
  "H2_CO_out_avg": 2.239276792563896,
  "CH4_slip_pct_avg": 14.108184541848956,
  "T_out_avg": 1472.6526010710672,
  "profile_rmse": {},
  "per_case": {
    "A_case1_richter": {
      "H2_CO_out": 2.2828927415764957,
      "CH4_out": 0.16604839431849125,
      "T_out_K": 1438.5438443031626,
      "rmse": {
        "T": 5.417618473380414,
        "X_H2": 0.003750675660472588,
        "X_CO": 0.0023856424488253834
      }
    },
    "A_case4_richter": {
      "H2_CO_out": 2.2246325228424646,
      "CH4_out": 0.10047653174175962,
      "T_out_K": 1454.6439295688824,
      "rmse": {
        "T": 4.700475225886997,
        "X_H2": 0.002776679002307641,
        "X_CO": 0.0017477509963257272
      }
    },
    "B_case1_134L": {
      "H2_CO_out": 2.252677991172837,
      "CH4_out": 0.18369459526500065,
      "T_out_K": 1491.4443646771983,
      "rmse": {
        "T": 11.806351467994755,
        "X_H2": 0.004713223912984742,
        "X_CO": 0.003837398648061118
      }
    },
    "B_case4_134L": {
      "H2_CO_out": 2.196903914663787,
      "CH4_out": 0.11410786034870671,
      "T_out_K": 1505.9782657350258,
      "rmse": {
        "T": 11.314847430799468,
        "X_H2": 0.003911678108959593,
        "X_CO": 0.0033666882447002146
      }
    }
  }
}