{
  "T_out": 1942.8617870533665,
  "Q_burner": 34290.0,
  "Q_chem": 0.0,
  "residual": 0.0,
  "converged": true,
  "steps": 1,
  "branch_status": "HOT",
  "kernel_T": 2926.7125012267497,
  "kernel_H2": 0.7737962193155974,
  "kernel_CO": 2.2471393535768223
}