{
  "T_out": 825.508190368485,
  "Q_burner": 34290.0,
  "Q_chem": 0.0,
  "residual": 0.0,
  "converged": false,
  "steps": 1,
  "branch_status": "COLD",
  "kernel_T": 2926.7125031477776,
  "kernel_H2": 0.7737970601686974,
  "kernel_CO": 2.247141385585758
}