{
  "T_out": 826.2420013462314,
  "Q_burner": 34290.0,
  "Q_chem": 0.0,
  "residual": 0.0,
  "converged": false,
  "steps": 1,
  "branch_status": "COLD",
  "kernel_T": 2926.707868518244,
  "kernel_H2": 0.7678197806876409,
  "kernel_CO": 2.22827015613024
}