{
  "H2_CO_out_avg": 2.046602382467995,
  "CH4_slip_pct_avg": 14.526683843201246,
  "T_out_avg": 1468.9611116607964,
  "profile_rmse": {},
  "per_case": {
    "A_case1_richter": {
      "H2_CO_out": 2.0695178563221495,
      "CH4_out": 0.1711425150797747,
      "T_out_K": 1435.1776697344033,
      "rmse": {
        "T": 0.9913552268448816,
        "X_H2": 0.018333490156263454,
        "X_CO": 0.013003926374782402
      }
    },
    "A_case4_richter": {
      "H2_CO_out": 2.0584934484224235,
      "CH4_out": 0.10374214944750686,
      "T_out_K": 1451.8398475371623,
      "rmse": {
        "T": 0.8761434408699117,
        "X_H2": 0.01563498018233221,
        "X_CO": 0.011345622421151315
      }
    },
    "B_case1_134L": {
      "H2_CO_out": 2.031990849996849,
      "CH4_out": 0.18878028822958295,
      "T_out_K": 1486.6715587285858,
      "rmse": {
        "T": 3.5210820446821245,
        "X_H2": 0.014736851701669815,
        "X_CO": 0.016821784828594956
      }
    },
    "B_case4_134L": {
      "H2_CO_out": 2.026407375130558,
      "CH4_out": 0.11740240097118533,
      "T_out_K": 1502.155370643034,
      "rmse": {
        "T": 4.502730847954117,
        "X_H2": 0.012328609598507623,
        "X_CO": 0.014790573381329972
      }
    }
  }
}