{
  "T_out": 1881.9336906795984,
  "Q_burner": 34290.0,
  "Q_chem": 0.0,
  "residual": 0.0,
  "converged": true,
  "steps": 1,
  "branch_status": "HOT",
  "kernel_T": 2926.7079615745834,
  "kernel_H2": 0.7678439445036737,
  "kernel_CO": 2.2283307791828086
}