{
  "T_out": 826.6735294326398,
  "Q_burner": 34290.0,
  "Q_chem": 0.0,
  "residual": 0.0,
  "converged": false,
  "steps": 1,
  "branch_status": "COLD",
  "kernel_T": 2926.712501638725,
  "kernel_H2": 0.7737957345126506,
  "kernel_CO": 2.2471382799481
}