{
  "H2_CO_out_avg": 2.2335844719219393,
  "CH4_slip_pct_avg": 14.130369759537729,
  "T_out_avg": 1472.907891427036,
  "profile_rmse": {},
  "per_case": {
    "A_case1_richter": {
      "H2_CO_out": 2.2781350182653055,
      "CH4_out": 0.1662299033829904,
      "T_out_K": 1438.6908934428416,
      "rmse": {
        "T": 5.553257896235698,
        "X_H2": 0.0036543382378758705,
        "X_CO": 0.0021077356727161743
      }
    },
    "A_case4_richter": {
      "H2_CO_out": 2.216675045898035,
      "CH4_out": 0.10074288293319135,
      "T_out_K": 1454.9627545470328,
      "rmse": {
        "T": 5.005403093483665,
        "X_H2": 0.0030171212400717834,
        "X_CO": 0.001613479549822557
      }
    },
    "B_case1_134L": {
      "H2_CO_out": 2.249214340209507,
      "CH4_out": 0.18387482107717543,
      "T_out_K": 1491.663232121962,
      "rmse": {
        "T": 11.952703996179839,
        "X_H2": 0.0039571236383157075,
        "X_CO": 0.0034574074573504227
      }
    },
    "B_case4_134L": {
      "H2_CO_out": 2.190313483314909,
      "CH4_out": 0.11436718298815195,
      "T_out_K": 1506.3146855963075,
      "rmse": {
        "T": 11.708385243217563,
        "X_H2": 0.00338297522206088,
        "X_CO": 0.0033690669082460756
      }
    }
  }
}