{
  "T_out": 1956.3325806126877,
  "Q_burner": 34290.0,
  "Q_chem": 0.0,
  "residual": 0.0,
  "converged": true,
  "steps": 1,
  "branch_status": "HOT",
  "kernel_T": 2926.7125255156698,
  "kernel_H2": 0.7737876547572942,
  "kernel_CO": 2.247118515316872
}