{
  "T_out": 826.7921186301099,
  "Q_burner": 34290.0,
  "Q_chem": 0.0,
  "residual": 0.0,
  "converged": false,
  "steps": 1,
  "branch_status": "COLD",
  "kernel_T": 2926.70788755898,
  "kernel_H2": 0.7678137130732626,
  "kernel_CO": 2.2282556001101748
}