{
  "T_out": 1994.3608886288762,
  "Q_burner": 34290.0,
  "Q_chem": 0.0,
  "residual": 0.0,
  "converged": true,
  "steps": 1,
  "branch_status": "HOT",
  "kernel_T": 2926.7078681079056,
  "kernel_H2": 0.767820644511315,
  "kernel_CO": 2.2282724479907
}