{
  "T_out": 900.1458873310868,
  "Q_burner": 36360.0,
  "Q_chem": 0.0,
  "residual": 0.0,
  "converged": false,
  "steps": 1,
  "branch_status": "COLD",
  "kernel_T": 2936.3324530727414,
  "kernel_H2": 0.38724096944843966,
  "kernel_CO": 1.0912296809431499
}