{
  "T_out": 871.809501262174,
  "Q_burner": 36360.0,
  "Q_chem": 0.0,
  "residual": 0.0,
  "converged": false,
  "steps": 1,
  "branch_status": "COLD",
  "kernel_T": 2936.3324644905283,
  "kernel_H2": 0.3872372326216871,
  "kernel_CO": 1.0912197929313872
}