{
  "T_out": 826.6010075487637,
  "Q_burner": 34290.0,
  "Q_chem": 0.0,
  "residual": 0.0,
  "converged": false,
  "steps": 1,
  "branch_status": "COLD",
  "kernel_T": 2926.7079843053325,
  "kernel_H2": 0.7678345238383308,
  "kernel_CO": 2.2283064443929135
}