{
  "T_out": 826.030675281346,
  "Q_burner": 34290.0,
  "Q_chem": 0.0,
  "residual": 0.0,
  "converged": false,
  "steps": 1,
  "branch_status": "COLD",
  "kernel_T": 2926.712501139286,
  "kernel_H2": 0.7738000185375687,
  "kernel_CO": 2.2471505581030713
}