{
  "H2_CO_out_avg": 24.71776491776152,
  "CH4_slip_pct_avg": 13.428178125641791,
  "T_out_avg": 1493.4392486857578,
  "profile_rmse": {},
  "per_case": {
    "A_case1_richter": {
      "H2_CO_out": 21.338280792459443,
      "CH4_out": 0.15283663284023674,
      "T_out_K": 1470.3742853144304,
      "rmse": {
        "T": 31.716021594491764,
        "X_H2": 0.21788134388408717,
        "X_CO": 0.18041548123657256
      }
    },
    "A_case4_richter": {
      "H2_CO_out": 24.387136672638782,
      "CH4_out": 0.10716601022052455,
      "T_out_K": 1487.6547025291238,
      "rmse": {
        "T": 33.83518249553114,
        "X_H2": 0.22869879554110975,
        "X_CO": 0.20869828406675478
      }
    },
    "B_case1_134L": {
      "H2_CO_out": 25.106108270255724,
      "CH4_out": 0.16282527115059892,
      "T_out_K": 1501.479067794614,
      "rmse": {
        "T": 40.92004393673376,
        "X_H2": 0.24093346828328335,
        "X_CO": 0.17181127032504465
      }
    },
    "B_case4_134L": {
      "H2_CO_out": 28.039533935692127,
      "CH4_out": 0.11429921081431146,
      "T_out_K": 1514.2489391048625,
      "rmse": {
        "T": 48.61789153574829,
        "X_H2": 0.24914510174349222,
        "X_CO": 0.20184677054225328
      }
    }
  }
}