{
  "T_out": 1942.2581580153949,
  "Q_burner": 34290.0,
  "Q_chem": 0.0,
  "residual": 0.0,
  "converged": true,
  "steps": 1,
  "branch_status": "HOT",
  "kernel_T": 2926.7124984577176,
  "kernel_H2": 0.7738006860127278,
  "kernel_CO": 2.2471524611787688
}