{
  "H2_CO_out_avg": 1.7499328478456113,
  "CH4_slip_pct_avg": 0.004314638620827611,
  "T_out_avg": 1943.7512814151291,
  "profile_rmse": {},
  "per_case": {
    "A_case1_richter": {
      "H2_CO_out": 1.86891654049328,
      "CH4_out": 8.272273017516776e-05,
      "T_out_K": 1760.9078245570633,
      "psr_converged": true,
      "psr_temperature_K": 1965.5939325654886,
      "feasibility_penalty": 1310.8345950672008,
      "dry_X": {
        "H2": 0.6118010669929005,
        "CO": 0.3273560128219649,
        "O2": 7.832138384522084e-12,
        "CH4": 8.272273017516776e-05
      },
      "rmse": {
        "T": 113.88961729761917,
        "X_H2": 0.030022655307030008,
        "X_CO": 0.008383630600377796
      }
    },
    "A_case4_richter": {
      "H2_CO_out": 1.630949155197943,
      "CH4_out": 3.570042241384454e-06,
      "T_out_K": 2126.594738273195,
      "psr_converged": true,
      "psr_temperature_K": 2178.071869503473,
      "feasibility_penalty": 3690.5084480205705,
      "dry_X": {
        "H2": 0.5766612800617439,
        "CO": 0.3535740389109533,
        "O2": 6.750331086460952e-09,
        "CH4": 3.570042241384454e-06
      },
      "rmse": {
        "T": 110.69349638030148,
        "X_H2": 0.03269555732430381,
        "X_CO": 0.010700779119470961
      }
    }
  },
  "feasibility_penalty": 5001.343043087772,
  "mech_yaml": "/mnt/d/Thesis/Master_Thesis/runs/20251013_234429/gen_20/ind_003/cand_fb9a877d2706/candidate.yaml",
  "n_species": 29,
  "n_reactions": 104
}