{
  "H2_CO_out_avg": 2.237324080358546,
  "CH4_slip_pct_avg": 14.213785694944567,
  "T_out_avg": 1476.279031375635,
  "profile_rmse": {},
  "per_case": {
    "A_case1_richter": {
      "H2_CO_out": 2.280608820864704,
      "CH4_out": 0.1673438052025696,
      "T_out_K": 1442.5547235886575,
      "rmse": {
        "T": 6.262608416675596,
        "X_H2": 0.002577171780981253,
        "X_CO": 0.0008693114992442765
      }
    },
    "A_case4_richter": {
      "H2_CO_out": 2.22199606942188,
      "CH4_out": 0.10176185953942252,
      "T_out_K": 1459.6266895006083,
      "rmse": {
        "T": 7.089354484863475,
        "X_H2": 0.002528299997894821,
        "X_CO": 0.0007723329952720214
      }
    },
    "B_case1_134L": {
      "H2_CO_out": 2.2517114094174846,
      "CH4_out": 0.18434544368114494,
      "T_out_K": 1493.3361566949352,
      "rmse": {
        "T": 8.397548779114205,
        "X_H2": 0.0028029980308449673,
        "X_CO": 0.003104756451151686
      }
    },
    "B_case4_134L": {
      "H2_CO_out": 2.1949800217301156,
      "CH4_out": 0.11510031937464556,
      "T_out_K": 1509.5985557183394,
      "rmse": {
        "T": 10.467319786144177,
        "X_H2": 0.0018986411793796868,
        "X_CO": 0.00258077501601844
      }
    }
  }
}