{
  "T_out": 2056.2297506262134,
  "Q_burner": 34290.0,
  "Q_chem": 0.0,
  "residual": 0.0,
  "converged": true,
  "steps": 1,
  "branch_status": "HOT",
  "kernel_T": 2926.712498473215,
  "kernel_H2": 0.77380065105537,
  "kernel_CO": 2.2471523709113765
}