{
  "T_out": 1965.5939325654886,
  "Q_burner": 34290.0,
  "Q_chem": 0.0,
  "residual": 0.0,
  "converged": true,
  "steps": 1,
  "branch_status": "HOT",
  "kernel_T": 2926.7078681079056,
  "kernel_H2": 0.7678206445165646,
  "kernel_CO": 2.2282724480118157
}