{
  "T_out": 1916.8035533323864,
  "Q_burner": 34290.0,
  "Q_chem": 0.0,
  "residual": 0.0,
  "converged": true,
  "steps": 1,
  "branch_status": "HOT",
  "kernel_T": 2926.7078890584066,
  "kernel_H2": 0.7678137137332057,
  "kernel_CO": 2.228255634468185
}