{
  "T_out": 1966.9705901853674,
  "Q_burner": 34290.0,
  "Q_chem": 0.0,
  "residual": 0.0,
  "converged": true,
  "steps": 1,
  "branch_status": "HOT",
  "kernel_T": 2926.712525704061,
  "kernel_H2": 0.7737874139747304,
  "kernel_CO": 2.247118018684621
}