{
  "T_out": 881.5635487016851,
  "Q_burner": 36360.0,
  "Q_chem": 0.0,
  "residual": 0.0,
  "converged": false,
  "steps": 1,
  "branch_status": "COLD",
  "kernel_T": 2936.3365391629654,
  "kernel_H2": 0.39204450534791474,
  "kernel_CO": 1.1060504482179034
}