{
  "T_out": 1888.770983555734,
  "Q_burner": 34290.0,
  "Q_chem": 0.0,
  "residual": 0.0,
  "converged": true,
  "steps": 1,
  "branch_status": "HOT",
  "kernel_T": 2926.71261290502,
  "kernel_H2": 0.7738244290266125,
  "kernel_CO": 2.247206767687967
}