{
  "T_out": 2005.179574302902,
  "Q_burner": 34290.0,
  "Q_chem": 0.0,
  "residual": 0.0,
  "converged": true,
  "steps": 1,
  "branch_status": "HOT",
  "kernel_T": 2926.712500959912,
  "kernel_H2": 0.7737970359861368,
  "kernel_CO": 2.24714164977874
}