{
  "T_out": 2208.85539768818,
  "Q_burner": 34290.0,
  "Q_chem": 0.0,
  "residual": 0.0,
  "converged": true,
  "steps": 1,
  "branch_status": "HOT",
  "kernel_T": 2926.7125005902244,
  "kernel_H2": 0.7738012332279881,
  "kernel_CO": 2.2471538860051004
}