{
  "T_out": 847.3034909023035,
  "Q_burner": 36360.0,
  "Q_chem": 0.0,
  "residual": 0.0,
  "converged": false,
  "steps": 1,
  "branch_status": "COLD",
  "kernel_T": 2936.336655612999,
  "kernel_H2": 0.39204981791573257,
  "kernel_CO": 1.1060588283994433
}