{
  "T_out": 2318.891306575069,
  "Q_burner": 36360.0,
  "Q_chem": 0.0,
  "residual": 0.0,
  "converged": true,
  "steps": 1,
  "branch_status": "HOT",
  "kernel_T": 2936.332563608208,
  "kernel_H2": 0.38724693172881364,
  "kernel_CO": 1.091243574541237,
  "mechanism_path": "/mnt/d/Thesis/Master_Thesis/runs/20251013_234429/reduced.yaml",
  "n_species_mech": 31,
  "n_reactions_mech": 128
}