{
  "H2_CO_out_avg": 1.8143727413828366,
  "CH4_slip_pct_avg": 0.027423037987795384,
  "T_out_avg": 1790.1942274451735,
  "profile_rmse": {},
  "per_case": {
    "A_case1_richter": {
      "H2_CO_out": 1.930844289295266,
      "CH4_out": 0.0005307341033743879,
      "T_out_K": 1614.4560002672652,
      "psr_converged": true,
      "psr_temperature_K": 1912.9569111295075,
      "feasibility_penalty": 691.5571070473403,
      "dry_X": {
        "H2": 0.6262306517924946,
        "CO": 0.3243299603517283,
        "O2": 2.304753998445923e-13,
        "CH4": 0.0005307341033743879
      },
      "rmse": {
        "T": 19.731464061839457,
        "X_H2": 0.003314777847508265,
        "X_CO": 0.0007878974269323289
      }
    },
    "A_case4_richter": {
      "H2_CO_out": 1.6979011934704071,
      "CH4_out": 1.7726656381519818e-05,
      "T_out_K": 1965.932454623082,
      "psr_converged": true,
      "psr_temperature_K": 2131.627313584486,
      "feasibility_penalty": 3020.9880652959287,
      "dry_X": {
        "H2": 0.5947342947713814,
        "CO": 0.35027615096717174,
        "O2": 4.441339731526675e-10,
        "CH4": 1.7726656381519818e-05
      },
      "rmse": {
        "T": 28.163135627628602,
        "X_H2": 0.009108878625412107,
        "X_CO": 0.004976681081795198
      }
    }
  },
  "feasibility_penalty": 3712.545172343269
}