{
  "T_out": 906.7126614786905,
  "Q_burner": 36360.0,
  "Q_chem": 0.0,
  "residual": 0.0,
  "converged": false,
  "steps": 1,
  "branch_status": "COLD",
  "kernel_T": 2936.336537988937,
  "kernel_H2": 0.3920436169171651,
  "kernel_CO": 1.1060477456143196
}