{
  "T_out": 2027.5300558025892,
  "Q_burner": 34290.0,
  "Q_chem": 0.0,
  "residual": 0.0,
  "converged": true,
  "steps": 1,
  "branch_status": "HOT",
  "kernel_T": 2926.7078679179713,
  "kernel_H2": 0.7678208895833986,
  "kernel_CO": 2.2282730352129643
}