{
  "T_out": 827.9072571300013,
  "Q_burner": 34290.0,
  "Q_chem": 0.0,
  "residual": 0.0,
  "converged": false,
  "steps": 1,
  "branch_status": "COLD",
  "kernel_T": 2926.7124979561713,
  "kernel_H2": 0.773801822866258,
  "kernel_CO": 2.2471554712084574
}