{
  "T_out": 828.6137575257386,
  "Q_burner": 34290.0,
  "Q_chem": 0.0,
  "residual": 0.0,
  "converged": false,
  "steps": 1,
  "branch_status": "COLD",
  "kernel_T": 2926.7124979562827,
  "kernel_H2": 0.7738018225936589,
  "kernel_CO": 2.247155470216407
}