{
  "H2_CO_out_avg": 2.238076251513103,
  "CH4_slip_pct_avg": 14.172977520505459,
  "T_out_avg": 1474.8104103559083,
  "profile_rmse": {},
  "per_case": {
    "A_case1_richter": {
      "H2_CO_out": 2.2817992951910786,
      "CH4_out": 0.16665447907989753,
      "T_out_K": 1440.4210504413431,
      "rmse": {
        "T": 7.470022063440473,
        "X_H2": 0.004970330163813363,
        "X_CO": 0.003123472553595773
      }
    },
    "A_case4_richter": {
      "H2_CO_out": 2.2235414431593505,
      "CH4_out": 0.10098983276850221,
      "T_out_K": 1456.6341089763987,
      "rmse": {
        "T": 6.836625717376703,
        "X_H2": 0.003776347168158653,
        "X_CO": 0.0023158591374332917
      }
    },
    "B_case1_134L": {
      "H2_CO_out": 2.251411388311066,
      "CH4_out": 0.18449990999381674,
      "T_out_K": 1493.7783965948886,
      "rmse": {
        "T": 14.489832281169097,
        "X_H2": 0.006256879235464213,
        "X_CO": 0.004772906624356763
      }
    },
    "B_case4_134L": {
      "H2_CO_out": 2.1955528793909185,
      "CH4_out": 0.1147748789780019,
      "T_out_K": 1508.4080854110023,
      "rmse": {
        "T": 14.157776670098775,
        "X_H2": 0.0049178440739951175,
        "X_CO": 0.004004972431275684
      }
    }
  }
}