{
  "T_out": 853.0912197451445,
  "Q_burner": 36360.0,
  "Q_chem": 0.0,
  "residual": 0.0,
  "converged": false,
  "steps": 1,
  "branch_status": "COLD",
  "kernel_T": 2936.3365512539326,
  "kernel_H2": 0.39204001748400696,
  "kernel_CO": 1.1060385299527888
}