{
  "T_out": 827.3260586052717,
  "Q_burner": 34290.0,
  "Q_chem": 0.0,
  "residual": 0.0,
  "converged": false,
  "steps": 1,
  "branch_status": "COLD",
  "kernel_T": 2926.707867922418,
  "kernel_H2": 0.7678208803888021,
  "kernel_CO": 2.2282729953107347
}