{
  "T_out": 825.4443473841674,
  "Q_burner": 34290.0,
  "Q_chem": 0.0,
  "residual": 0.0,
  "converged": false,
  "steps": 1,
  "branch_status": "COLD",
  "kernel_T": 2926.712522608412,
  "kernel_H2": 0.7737928566470017,
  "kernel_CO": 2.2471338433117936
}