{
  "T_out": 827.4941282896849,
  "Q_burner": 34290.0,
  "Q_chem": 0.0,
  "residual": 0.0,
  "converged": false,
  "steps": 1,
  "branch_status": "COLD",
  "kernel_T": 2926.7124981860993,
  "kernel_H2": 0.7738015143769638,
  "kernel_CO": 2.247154755115269
}