{
  "T_out": 825.9987884290618,
  "Q_burner": 34290.0,
  "Q_chem": 0.0,
  "residual": 0.0,
  "converged": false,
  "steps": 1,
  "branch_status": "COLD",
  "kernel_T": 2926.712498703851,
  "kernel_H2": 0.7738003442163301,
  "kernel_CO": 2.247151607465851
}