{
  "T_out": 825.8526102452092,
  "Q_burner": 34290.0,
  "Q_chem": 0.0,
  "residual": 0.0,
  "converged": false,
  "steps": 1,
  "branch_status": "COLD",
  "kernel_T": 2926.7125016517266,
  "kernel_H2": 0.7737957043294532,
  "kernel_CO": 2.2471382067847085
}