{
  "H2_CO_out_avg": 2.24037988415762,
  "CH4_slip_pct_avg": 14.046996288785163,
  "T_out_avg": 1470.6773600299189,
  "profile_rmse": {},
  "per_case": {
    "A_case1_richter": {
      "H2_CO_out": 2.2836638451767794,
      "CH4_out": 0.16562543925661236,
      "T_out_K": 1437.2336924776641,
      "rmse": {
        "T": 1.2062513891618278,
        "X_H2": 0.0005614182893712208,
        "X_CO": 0.00025927567038766124
      }
    },
    "A_case4_richter": {
      "H2_CO_out": 2.225136591578966,
      "CH4_out": 0.10023419887359579,
      "T_out_K": 1453.702644656621,
      "rmse": {
        "T": 1.2834790385249342,
        "X_H2": 0.00048576550373586626,
        "X_CO": 0.0001800289775913863
      }
    },
    "B_case1_134L": {
      "H2_CO_out": 2.2545337341906495,
      "CH4_out": 0.18255558069678468,
      "T_out_K": 1488.14270109186,
      "rmse": {
        "T": 4.078540516802697,
        "X_H2": 0.004333799566114897,
        "X_CO": 0.00360362811719534
      }
    },
    "B_case4_134L": {
      "H2_CO_out": 2.1981853656840844,
      "CH4_out": 0.11346463272441376,
      "T_out_K": 1503.6304018935293,
      "rmse": {
        "T": 5.029616989382617,
        "X_H2": 0.0037368749789484608,
        "X_CO": 0.0031739360815128542
      }
    }
  }
}