{
  "T_out": 825.8548586125257,
  "Q_burner": 34290.0,
  "Q_chem": 0.0,
  "residual": 0.0,
  "converged": false,
  "steps": 1,
  "branch_status": "COLD",
  "kernel_T": 2926.7124986930094,
  "kernel_H2": 0.7738003665852242,
  "kernel_CO": 2.2471516974087646
}