{
  "T_out": 1899.6971614582712,
  "Q_burner": 34290.0,
  "Q_chem": 0.0,
  "residual": 0.0,
  "converged": true,
  "steps": 1,
  "branch_status": "HOT",
  "kernel_T": 2926.707868698086,
  "kernel_H2": 0.7678195967742473,
  "kernel_CO": 2.2282696834709292
}