{
  "H2_CO_out_avg": 2.2407443942494365,
  "CH4_slip_pct_avg": 14.02655492930937,
  "T_out_avg": 1469.9866405687205,
  "profile_rmse": {},
  "per_case": {
    "A_case1_richter": {
      "H2_CO_out": 2.2839933898602833,
      "CH4_out": 0.16543827872181865,
      "T_out_K": 1436.6495413921875,
      "rmse": {
        "T": 0.5437275452444575,
        "X_H2": 0.0002481914868911207,
        "X_CO": 0.00010389140136679214
      }
    },
    "A_case4_richter": {
      "H2_CO_out": 2.2254743234869645,
      "CH4_out": 0.1000699180180627,
      "T_out_K": 1453.0617261189122,
      "rmse": {
        "T": 0.5318397001379922,
        "X_H2": 0.00020542267113613663,
        "X_CO": 7.702632588414064e-05
      }
    },
    "B_case1_134L": {
      "H2_CO_out": 2.254897030631538,
      "CH4_out": 0.18230977357997535,
      "T_out_K": 1487.4174119635436,
      "rmse": {
        "T": 3.321555997259278,
        "X_H2": 0.004744750546136352,
        "X_CO": 0.0038048386529015584
      }
    },
    "B_case4_134L": {
      "H2_CO_out": 2.1986128330189607,
      "CH4_out": 0.11324422685251807,
      "T_out_K": 1502.817882800239,
      "rmse": {
        "T": 4.1351574466177485,
        "X_H2": 0.004106703276154317,
        "X_CO": 0.0033187477167716155
      }
    }
  }
}