{
  "T_out": 1993.0563541568315,
  "Q_burner": 34290.0,
  "Q_chem": 0.0,
  "residual": 0.0,
  "converged": true,
  "steps": 1,
  "branch_status": "HOT",
  "kernel_T": 2926.712503628229,
  "kernel_H2": 0.7737959418344723,
  "kernel_CO": 2.2471384981638867
}