{
  "T_out": 895.2393672697141,
  "Q_burner": 36360.0,
  "Q_chem": 0.0,
  "residual": 0.0,
  "converged": false,
  "steps": 1,
  "branch_status": "COLD",
  "kernel_T": 2936.33246455122,
  "kernel_H2": 0.38723708132102264,
  "kernel_CO": 1.091219362892404
}