{
  "T_out": 826.204532879069,
  "Q_burner": 34290.0,
  "Q_chem": 0.0,
  "residual": 0.0,
  "converged": false,
  "steps": 1,
  "branch_status": "COLD",
  "kernel_T": 2926.707963629159,
  "kernel_H2": 0.7678408013698883,
  "kernel_CO": 2.2283213905076664
}