{
  "T_out": 867.0058286508836,
  "Q_burner": 34290.0,
  "Q_chem": 0.0,
  "residual": 0.0,
  "converged": false,
  "steps": 1,
  "branch_status": "COLD",
  "kernel_T": 2926.712524633888,
  "kernel_H2": 0.7737930106635008,
  "kernel_CO": 2.247133849088018
}