{
  "T_out": 825.5190433479955,
  "Q_burner": 34290.0,
  "Q_chem": 0.0,
  "residual": 0.0,
  "converged": false,
  "steps": 1,
  "branch_status": "COLD",
  "kernel_T": 2926.7078707322034,
  "kernel_H2": 0.7678164391326849,
  "kernel_CO": 2.2282603731274717
}