{
  "H2_CO_out_avg": 2.0208187852682684,
  "CH4_slip_pct_avg": 14.51438625975478,
  "T_out_avg": 1465.8501201191177,
  "profile_rmse": {},
  "per_case": {
    "A_case1_richter": {
      "H2_CO_out": 2.042066712620733,
      "CH4_out": 0.17101806738367614,
      "T_out_K": 1431.9801624229008,
      "rmse": {
        "T": 3.3660984076492046,
        "X_H2": 0.0200221476165624,
        "X_CO": 0.015340305493781056
      }
    },
    "A_case4_richter": {
      "H2_CO_out": 2.0356836221455583,
      "CH4_out": 0.10347093982606995,
      "T_out_K": 1448.3803958341298,
      "rmse": {
        "T": 3.3823151118607644,
        "X_H2": 0.017117384509860306,
        "X_CO": 0.013521422869291382
      }
    },
    "B_case1_134L": {
      "H2_CO_out": 2.0029716093586063,
      "CH4_out": 0.18883564588822788,
      "T_out_K": 1483.9284215073524,
      "rmse": {
        "T": 2.112816945253004,
        "X_H2": 0.016815493171470044,
        "X_CO": 0.019135560884565684
      }
    },
    "B_case4_134L": {
      "H2_CO_out": 2.002553196948175,
      "CH4_out": 0.11725079729221724,
      "T_out_K": 1499.1115007120877,
      "rmse": {
        "T": 2.6620466696312475,
        "X_H2": 0.014118037752449812,
        "X_CO": 0.016961144479826457
      }
    }
  }
}