{
  "H2_CO_out_avg": 2.235818324146447,
  "CH4_slip_pct_avg": 14.297211820101765,
  "T_out_avg": 1479.019275238259,
  "profile_rmse": {},
  "per_case": {
    "A_case1_richter": {
      "H2_CO_out": 2.27955676824739,
      "CH4_out": 0.16793028100797122,
      "T_out_K": 1444.358563105237,
      "rmse": {
        "T": 9.640261449682258,
        "X_H2": 0.004413119280538691,
        "X_CO": 0.0019061025178350327
      }
    },
    "A_case4_richter": {
      "H2_CO_out": 2.220933192978761,
      "CH4_out": 0.10227670417214464,
      "T_out_K": 1461.6119106491196,
      "rmse": {
        "T": 10.487368917377024,
        "X_H2": 0.004017248411309687,
        "X_CO": 0.0015205370245735105
      }
    },
    "B_case1_134L": {
      "H2_CO_out": 2.249727597192817,
      "CH4_out": 0.18560274370924623,
      "T_out_K": 1496.9598170135562,
      "rmse": {
        "T": 14.389210294689024,
        "X_H2": 0.0020211861505693937,
        "X_CO": 0.0021110913213920786
      }
    },
    "B_case4_134L": {
      "H2_CO_out": 2.1930557381668203,
      "CH4_out": 0.11607874391470847,
      "T_out_K": 1513.1468101851228,
      "rmse": {
        "T": 16.173149445168093,
        "X_H2": 0.001680345623310869,
        "X_CO": 0.0019096397519827715
      }
    }
  }
}