{
  "T_out": 826.7163167947672,
  "Q_burner": 34290.0,
  "Q_chem": 0.0,
  "residual": 0.0,
  "converged": false,
  "steps": 1,
  "branch_status": "COLD",
  "kernel_T": 2926.707891044811,
  "kernel_H2": 0.7678110039591993,
  "kernel_CO": 2.228247610795659
}