{
  "T_out": 1911.9016943807517,
  "Q_burner": 34290.0,
  "Q_chem": 0.0,
  "residual": 0.0,
  "converged": true,
  "steps": 1,
  "branch_status": "HOT",
  "kernel_T": 2926.7125030974457,
  "kernel_H2": 0.773797143267831,
  "kernel_CO": 2.2471417232616315
}