{
  "T_out": 1912.900618290623,
  "Q_burner": 34290.0,
  "Q_chem": 0.0,
  "residual": 0.0,
  "converged": true,
  "steps": 1,
  "branch_status": "HOT",
  "kernel_T": 2926.7125010815953,
  "kernel_H2": 0.7738001194951815,
  "kernel_CO": 2.2471509150414204
}