{
  "T_out": 905.4684623884751,
  "Q_burner": 36360.0,
  "Q_chem": 0.0,
  "residual": 0.0,
  "converged": false,
  "steps": 1,
  "branch_status": "COLD",
  "kernel_T": 2936.336655477344,
  "kernel_H2": 0.39205008495730764,
  "kernel_CO": 1.1060595688369623
}