{
  "T_out": 885.1870780825687,
  "Q_burner": 36360.0,
  "Q_chem": 0.0,
  "residual": 0.0,
  "converged": false,
  "steps": 1,
  "branch_status": "COLD",
  "kernel_T": 2936.3365390361682,
  "kernel_H2": 0.3920446216101315,
  "kernel_CO": 1.106050724504343
}