{
  "T_out": 2069.973197338826,
  "Q_burner": 34290.0,
  "Q_chem": 0.0,
  "residual": 0.0,
  "converged": true,
  "steps": 1,
  "branch_status": "HOT",
  "kernel_T": 2926.707868294322,
  "kernel_H2": 0.7678204476908237,
  "kernel_CO": 2.2282719216958777
}