{
  "T_out": 823.0541030737639,
  "Q_burner": 34290.0,
  "Q_chem": 0.0,
  "residual": 0.0,
  "converged": false,
  "steps": 1,
  "branch_status": "COLD",
  "kernel_T": 2926.7079647256037,
  "kernel_H2": 0.7678416444437147,
  "kernel_CO": 2.228323662597432
}