{
  "H2_CO_out_avg": 25.021285154289277,
  "CH4_slip_pct_avg": 12.710945611269672,
  "T_out_avg": 1499.0525067635197,
  "profile_rmse": {},
  "per_case": {
    "A_case1_richter": {
      "H2_CO_out": 21.93629970528695,
      "CH4_out": 0.14282794657239004,
      "T_out_K": 1476.007814793333,
      "rmse": {
        "T": 33.88399224770711,
        "X_H2": 0.2309446135250507,
        "X_CO": 0.18072016644571656
      }
    },
    "A_case4_richter": {
      "H2_CO_out": 24.20436506014588,
      "CH4_out": 0.1027584729173965,
      "T_out_K": 1492.0866525612273,
      "rmse": {
        "T": 33.93008900428975,
        "X_H2": 0.2326641663477958,
        "X_CO": 0.20846876623616148
      }
    },
    "B_case1_134L": {
      "H2_CO_out": 25.8727013087583,
      "CH4_out": 0.15253429268552593,
      "T_out_K": 1507.4207108870808,
      "rmse": {
        "T": 36.57617337125086,
        "X_H2": 0.25393039063278094,
        "X_CO": 0.17212074758244986
      }
    },
    "B_case4_134L": {
      "H2_CO_out": 28.07177454296597,
      "CH4_out": 0.11031711227547443,
      "T_out_K": 1520.6948488124378,
      "rmse": {
        "T": 41.64549735906441,
        "X_H2": 0.2524784105883425,
        "X_CO": 0.20188225180077127
      }
    }
  }
}