{
  "H2_CO_out_avg": 1.8009171833406645,
  "CH4_slip_pct_avg": 0.04780803634525322,
  "T_out_avg": 1844.9079285055263,
  "profile_rmse": {},
  "per_case": {
    "A_case1_richter": {
      "H2_CO_out": 1.9173370568845889,
      "CH4_out": 0.0009462464846002155,
      "T_out_K": 1657.912339697507,
      "psr_converged": true,
      "psr_temperature_K": 1954.2112957032532,
      "feasibility_penalty": 826.6294311541111,
      "dry_X": {
        "H2": 0.6256626658263548,
        "CO": 0.3263185591598439,
        "O2": 6.1908710404802e-13,
        "CH4": 0.0009462464846002155
      },
      "rmse": {
        "T": 24.71090511025364,
        "X_H2": 0.007157077412886367,
        "X_CO": 0.0014976891903466089
      }
    },
    "A_case4_richter": {
      "H2_CO_out": 1.68449730979674,
      "CH4_out": 9.914242304848927e-06,
      "T_out_K": 2031.903517313546,
      "psr_converged": true,
      "psr_temperature_K": 2123.2972472392216,
      "feasibility_penalty": 3155.0269020326004,
      "dry_X": {
        "H2": 0.5940034712031124,
        "CO": 0.3526295160867831,
        "O2": 1.2254304012411395e-09,
        "CH4": 9.914242304848927e-06
      },
      "rmse": {
        "T": 26.967745119095888,
        "X_H2": 0.00916561099950612,
        "X_CO": 0.005076299344377789
      }
    }
  },
  "feasibility_penalty": 3981.6563331867114,
  "mech_yaml": "/mnt/d/Thesis/Master_Thesis/runs/20251013_234429/gen_21/ind_001/cand_615dd8e12a22/candidate.yaml",
  "n_species": 32,
  "n_reactions": 123
}