{
  "H2_CO_out_avg": 2.2363551593454964,
  "CH4_slip_pct_avg": 14.267591425734297,
  "T_out_avg": 1478.0109844042217,
  "profile_rmse": {},
  "per_case": {
    "A_case1_richter": {
      "H2_CO_out": 2.279339352434406,
      "CH4_out": 0.16805061120738432,
      "T_out_K": 1444.7324910164812,
      "rmse": {
        "T": 8.350347087364094,
        "X_H2": 0.00342995474064352,
        "X_CO": 0.0011404692379775423
      }
    },
    "A_case4_richter": {
      "H2_CO_out": 2.221347156571431,
      "CH4_out": 0.10207405183695129,
      "T_out_K": 1460.8317723605096,
      "rmse": {
        "T": 8.265168992803572,
        "X_H2": 0.0029446623735918075,
        "X_CO": 0.00089430289892723
      }
    },
    "B_case1_134L": {
      "H2_CO_out": 2.250480336177984,
      "CH4_out": 0.18511518542624425,
      "T_out_K": 1495.5604361690735,
      "rmse": {
        "T": 10.218653025577588,
        "X_H2": 0.002280912610391308,
        "X_CO": 0.0028804643385910884
      }
    },
    "B_case4_134L": {
      "H2_CO_out": 2.1942537921981637,
      "CH4_out": 0.11546380855879206,
      "T_out_K": 1510.9192380708223,
      "rmse": {
        "T": 11.49390152441488,
        "X_H2": 0.001761909971858278,
        "X_CO": 0.0025356503240188503
      }
    }
  }
}