{
  "T_out": 910.423013697168,
  "Q_burner": 36360.0,
  "Q_chem": 0.0,
  "residual": 0.0,
  "converged": false,
  "steps": 1,
  "branch_status": "COLD",
  "kernel_T": 2936.3324638403355,
  "kernel_H2": 0.38723799347483595,
  "kernel_CO": 1.0912220894527822
}