{
  "T_out": 826.5705473339418,
  "Q_burner": 34290.0,
  "Q_chem": 0.0,
  "residual": 0.0,
  "converged": false,
  "steps": 1,
  "branch_status": "COLD",
  "kernel_T": 2926.712525244207,
  "kernel_H2": 0.7737884838806026,
  "kernel_CO": 2.2471208124244484
}