{
  "T_out": 1883.1562676946305,
  "Q_burner": 34290.0,
  "Q_chem": 0.0,
  "residual": 0.0,
  "converged": true,
  "steps": 1,
  "branch_status": "HOT",
  "kernel_T": 3086.1528679944895,
  "kernel_H2": 0.7678340906398543,
  "kernel_CO": 2.2283053686156533
}