{
  "T_out": 825.4254908068787,
  "Q_burner": 34290.0,
  "Q_chem": 0.0,
  "residual": 0.0,
  "converged": false,
  "steps": 1,
  "branch_status": "COLD",
  "kernel_T": 2926.707872125026,
  "kernel_H2": 0.7678165583144156,
  "kernel_CO": 2.228260541794454
}