{
  "T_out": 980.1627592679353,
  "Q_burner": 36360.0,
  "Q_chem": 0.0,
  "residual": 0.0,
  "converged": false,
  "steps": 1,
  "branch_status": "COLD",
  "kernel_T": 2936.3365503108116,
  "kernel_H2": 0.39204131001451076,
  "kernel_CO": 1.1060423499499108
}