{
  "T_out": 905.4176137635897,
  "Q_burner": 36360.0,
  "Q_chem": 0.0,
  "residual": 0.0,
  "converged": false,
  "steps": 1,
  "branch_status": "COLD",
  "kernel_T": 2936.332453120143,
  "kernel_H2": 0.38724092189845494,
  "kernel_CO": 1.091229572744558
}