{
  "T_out": 897.7100816083482,
  "Q_burner": 36360.0,
  "Q_chem": 0.0,
  "residual": 0.0,
  "converged": false,
  "steps": 1,
  "branch_status": "COLD",
  "kernel_T": 2936.3366554769623,
  "kernel_H2": 0.3920500856299144,
  "kernel_CO": 1.106059571213188
}