{
  "T_out": 1958.464980551867,
  "Q_burner": 34290.0,
  "Q_chem": 0.0,
  "residual": 0.0,
  "converged": true,
  "steps": 1,
  "branch_status": "HOT",
  "kernel_T": 2926.7125014959447,
  "kernel_H2": 0.7737958518184288,
  "kernel_CO": 2.2471383953034545
}