{
  "H2_CO_out_avg": 2.2388256238576467,
  "CH4_slip_pct_avg": 14.129419864124321,
  "T_out_avg": 1473.430381986205,
  "profile_rmse": {},
  "per_case": {
    "A_case1_richter": {
      "H2_CO_out": 2.282192199504776,
      "CH4_out": 0.1664331387021356,
      "T_out_K": 1439.7355693266159,
      "rmse": {
        "T": 3.829521934527854,
        "X_H2": 0.0016131414014615786,
        "X_CO": 0.000575470617895468
      }
    },
    "A_case4_richter": {
      "H2_CO_out": 2.2236888748953803,
      "CH4_out": 0.10091749319919655,
      "T_out_K": 1456.3533593262996,
      "rmse": {
        "T": 4.171885714170571,
        "X_H2": 0.0015177885882203957,
        "X_CO": 0.00047978082079619795
      }
    },
    "B_case1_134L": {
      "H2_CO_out": 2.2529419191921902,
      "CH4_out": 0.18352476599945214,
      "T_out_K": 1490.9514318138258,
      "rmse": {
        "T": 6.648956605610229,
        "X_H2": 0.0033849195811746927,
        "X_CO": 0.003338455895829403
      }
    },
    "B_case4_134L": {
      "H2_CO_out": 2.1964795018382404,
      "CH4_out": 0.1143013966641886,
      "T_out_K": 1506.6811674780795,
      "rmse": {
        "T": 8.171317569985366,
        "X_H2": 0.0025565053977760458,
        "X_CO": 0.002797595333833386
      }
    }
  }
}