{
  "T_out": 825.9876588937718,
  "Q_burner": 34290.0,
  "Q_chem": 0.0,
  "residual": 0.0,
  "converged": false,
  "steps": 1,
  "branch_status": "COLD",
  "kernel_T": 2926.707870332597,
  "kernel_H2": 0.7678172824262421,
  "kernel_CO": 2.228262612808177
}