{
  "H2_CO_out_avg": 2.236237528542716,
  "CH4_slip_pct_avg": 15.28125409344182,
  "T_out_avg": 1462.6641308042626,
  "profile_rmse": {},
  "per_case": {
    "A_case1_richter": {
      "H2_CO_out": 2.281219957928748,
      "CH4_out": 0.17906521551689708,
      "T_out_K": 1429.8322274801762,
      "rmse": {
        "T": 6.5760984772280295,
        "X_H2": 0.015588031850264913,
        "X_CO": 0.006496065227077658
      }
    },
    "A_case4_richter": {
      "H2_CO_out": 2.221385404857921,
      "CH4_out": 0.11073764946286478,
      "T_out_K": 1445.223029489684,
      "rmse": {
        "T": 7.508697522689683,
        "X_H2": 0.013366478534468072,
        "X_CO": 0.0054462223402105886
      }
    },
    "B_case1_134L": {
      "H2_CO_out": 2.2498490602318024,
      "CH4_out": 0.19686640396472135,
      "T_out_K": 1480.5682035142036,
      "rmse": {
        "T": 4.207519501728078,
        "X_H2": 0.011560279708511033,
        "X_CO": 0.0030389934686129738
      }
    },
    "B_case4_134L": {
      "H2_CO_out": 2.192495691152392,
      "CH4_out": 0.12458089479318961,
      "T_out_K": 1495.033062732987,
      "rmse": {
        "T": 4.112745034635207,
        "X_H2": 0.009823213979314767,
        "X_CO": 0.002347711345578596
      }
    }
  }
}