{
  "T_out": 815.0215595217867,
  "Q_burner": 36360.0,
  "Q_chem": 0.0,
  "residual": 0.0,
  "converged": false,
  "steps": 1,
  "branch_status": "COLD",
  "kernel_T": 2936.3324650620348,
  "kernel_H2": 0.387238066080275,
  "kernel_CO": 1.0912222745834435
}