{
  "T_out": 2122.2539850505823,
  "Q_burner": 36360.0,
  "Q_chem": 0.0,
  "residual": 0.0,
  "converged": true,
  "steps": 1,
  "branch_status": "HOT",
  "kernel_T": 2936.336539761496,
  "kernel_H2": 0.3920436988358782,
  "kernel_CO": 1.1060479196924993
}