{
  "T_out": 826.5008326338705,
  "Q_burner": 34290.0,
  "Q_chem": 0.0,
  "residual": 0.0,
  "converged": false,
  "steps": 1,
  "branch_status": "COLD",
  "kernel_T": 2926.707889250365,
  "kernel_H2": 0.7678134648325171,
  "kernel_CO": 2.2282550336226015
}