{
  "T_out": 825.6299857906563,
  "Q_burner": 34290.0,
  "Q_chem": 0.0,
  "residual": 0.0,
  "converged": false,
  "steps": 1,
  "branch_status": "COLD",
  "kernel_T": 2926.712501123683,
  "kernel_H2": 0.7738000537526627,
  "kernel_CO": 2.2471506493166262
}