{
  "T_out": 880.4732215216663,
  "Q_burner": 36360.0,
  "Q_chem": 0.0,
  "residual": 0.0,
  "converged": false,
  "steps": 1,
  "branch_status": "COLD",
  "kernel_T": 2936.3325509288998,
  "kernel_H2": 0.38725073068004034,
  "kernel_CO": 1.0912536665589045
}