{
  "T_out": 1927.6214575798892,
  "Q_burner": 34290.0,
  "Q_chem": 0.0,
  "residual": 0.0,
  "converged": true,
  "steps": 1,
  "branch_status": "HOT",
  "kernel_T": 2926.707868362362,
  "kernel_H2": 0.7678199766148314,
  "kernel_CO": 2.2282705422763858
}