{
  "H2_CO_out_avg": 2.236327017971253,
  "CH4_slip_pct_avg": 15.276298111215597,
  "T_out_avg": 1462.5118466024146,
  "profile_rmse": {},
  "per_case": {
    "A_case1_richter": {
      "H2_CO_out": 2.281265888377811,
      "CH4_out": 0.17904010745832583,
      "T_out_K": 1429.7582085769918,
      "rmse": {
        "T": 6.822470207290855,
        "X_H2": 0.015456400796375473,
        "X_CO": 0.006437049771554323
      }
    },
    "A_case4_richter": {
      "H2_CO_out": 2.221421627030811,
      "CH4_out": 0.11072060213936954,
      "T_out_K": 1445.1598351358898,
      "rmse": {
        "T": 7.690138714088776,
        "X_H2": 0.013283348452481442,
        "X_CO": 0.005412193410556399
      }
    },
    "B_case1_134L": {
      "H2_CO_out": 2.2500113585829853,
      "CH4_out": 0.19676657344561008,
      "T_out_K": 1480.2926171785916,
      "rmse": {
        "T": 4.735029085310333,
        "X_H2": 0.011234055314715451,
        "X_CO": 0.0028852869257460626
      }
    },
    "B_case4_134L": {
      "H2_CO_out": 2.192609197893404,
      "CH4_out": 0.12452464140531841,
      "T_out_K": 1494.8367255181854,
      "rmse": {
        "T": 4.507987942863584,
        "X_H2": 0.009618378230513291,
        "X_CO": 0.00226154694162728
      }
    }
  }
}