{
  "H2_CO_out_avg": 2.234231137999931,
  "CH4_slip_pct_avg": 15.38773917669328,
  "T_out_avg": 1466.0820239985947,
  "profile_rmse": {},
  "per_case": {
    "A_case1_richter": {
      "H2_CO_out": 2.2790682087566085,
      "CH4_out": 0.1802381807367272,
      "T_out_K": 1433.2832659092303,
      "rmse": {
        "T": 3.8449402955218503,
        "X_H2": 0.016792600096023125,
        "X_CO": 0.006870481139874947
      }
    },
    "A_case4_richter": {
      "H2_CO_out": 2.2191875382008353,
      "CH4_out": 0.11177642449843438,
      "T_out_K": 1449.0717850390838,
      "rmse": {
        "T": 4.189209934339179,
        "X_H2": 0.01460313178103004,
        "X_CO": 0.0058037326943540584
      }
    },
    "B_case1_134L": {
      "H2_CO_out": 2.2481565872965237,
      "CH4_out": 0.19792407315626406,
      "T_out_K": 1483.4868284314123,
      "rmse": {
        "T": 2.730529534314297,
        "X_H2": 0.012422433420914016,
        "X_CO": 0.0033289946365599905
      }
    },
    "B_case4_134L": {
      "H2_CO_out": 2.1905122177457557,
      "CH4_out": 0.1255708886763055,
      "T_out_K": 1498.486216614652,
      "rmse": {
        "T": 2.16240486408793,
        "X_H2": 0.010833682655484709,
        "X_CO": 0.0026589527848290785
      }
    }
  }
}