{
  "T_out": 2033.5435216623043,
  "Q_burner": 34290.0,
  "Q_chem": 0.0,
  "residual": 0.0,
  "converged": true,
  "steps": 1,
  "branch_status": "HOT",
  "kernel_T": 2926.7125224526,
  "kernel_H2": 0.7737929768768408,
  "kernel_CO": 2.2471340253661194
}