{
  "T_out": 1055.4667457262326,
  "Q_burner": 34290.0,
  "Q_chem": 0.0,
  "residual": 0.0,
  "converged": false,
  "steps": 1,
  "branch_status": "COLD",
  "kernel_T": 2926.7078705443355,
  "kernel_H2": 0.7678166804594698,
  "kernel_CO": 2.2282609467504875
}