{
  "T_out": 2000.6011299033412,
  "Q_burner": 34290.0,
  "Q_chem": 0.0,
  "residual": 0.0,
  "converged": true,
  "steps": 1,
  "branch_status": "HOT",
  "kernel_T": 2926.712501239755,
  "kernel_H2": 0.7737961891165519,
  "kernel_CO": 2.2471392803565227
}