{
  "H2_CO_out_avg": 1.8065425552746048,
  "CH4_slip_pct_avg": 0.022642516309300115,
  "T_out_avg": 1836.382003802745,
  "profile_rmse": {},
  "per_case": {
    "A_case1_richter": {
      "H2_CO_out": 1.9239158173099355,
      "CH4_out": 0.0004408332385884,
      "T_out_K": 1648.2153667465975,
      "psr_converged": true,
      "psr_temperature_K": 1939.0022616995489,
      "feasibility_penalty": 760.8418269006445,
      "dry_X": {
        "H2": 0.6268330991580271,
        "CO": 0.32581108462140507,
        "O2": 4.853131245335978e-13,
        "CH4": 0.0004408332385884
      },
      "rmse": {
        "T": 9.093108364149842,
        "X_H2": 0.003543510812725554,
        "X_CO": 0.0014912508527570737
      }
    },
    "A_case4_richter": {
      "H2_CO_out": 1.6891692932392741,
      "CH4_out": 1.2017087597602253e-05,
      "T_out_K": 2024.5486408588924,
      "psr_converged": true,
      "psr_temperature_K": 2166.613757954521,
      "feasibility_penalty": 3108.307067607259,
      "dry_X": {
        "H2": 0.5947634836478819,
        "CO": 0.35210412954365283,
        "O2": 1.0787134717059749e-09,
        "CH4": 1.2017087597602253e-05
      },
      "rmse": {
        "T": 24.93655215541298,
        "X_H2": 0.007420233846705414,
        "X_CO": 0.003954313035059557
      }
    }
  },
  "feasibility_penalty": 3869.1488945079036,
  "mech_yaml": "/mnt/d/Thesis/Master_Thesis/runs/20251013_234429/gen_28/ind_000/cand_8a9712356a62/candidate.yaml",
  "n_species": 31,
  "n_reactions": 128
}