{
  "T_out": 2035.157758347133,
  "Q_burner": 34290.0,
  "Q_chem": 0.0,
  "residual": 0.0,
  "converged": true,
  "steps": 1,
  "branch_status": "HOT",
  "kernel_T": 2926.7124979958307,
  "kernel_H2": 0.7738017612453969,
  "kernel_CO": 2.2471552181164225
}