{
  "T_out": 826.0075910635604,
  "Q_burner": 34290.0,
  "Q_chem": 0.0,
  "residual": 0.0,
  "converged": false,
  "steps": 1,
  "branch_status": "COLD",
  "kernel_T": 2926.7125007172085,
  "kernel_H2": 0.7737973729274671,
  "kernel_CO": 2.2471424334458865
}