{
  "H2_CO_out_avg": 2.042769472962782,
  "CH4_slip_pct_avg": 14.49521091602499,
  "T_out_avg": 1467.3595475316015,
  "profile_rmse": {},
  "per_case": {
    "A_case1_richter": {
      "H2_CO_out": 2.065065102394925,
      "CH4_out": 0.17053867303385933,
      "T_out_K": 1432.769507773604,
      "rmse": {
        "T": 5.32797763852992,
        "X_H2": 0.02004969493135108,
        "X_CO": 0.013324604222214199
      }
    },
    "A_case4_richter": {
      "H2_CO_out": 2.0566568759412696,
      "CH4_out": 0.10303447910684412,
      "T_out_K": 1448.7838819071524,
      "rmse": {
        "T": 5.22824038225153,
        "X_H2": 0.01641402291542491,
        "X_CO": 0.01175173982419142
      }
    },
    "B_case1_134L": {
      "H2_CO_out": 2.0256770334265366,
      "CH4_out": 0.18908067256895633,
      "T_out_K": 1486.9537440806862,
      "rmse": {
        "T": 11.440295210615744,
        "X_H2": 0.020717800228073457,
        "X_CO": 0.015819710502383684
      }
    },
    "B_case4_134L": {
      "H2_CO_out": 2.023678880088397,
      "CH4_out": 0.11715461193133983,
      "T_out_K": 1500.9310563649635,
      "rmse": {
        "T": 10.871448558736416,
        "X_H2": 0.01637007437165536,
        "X_CO": 0.0144794788230047
      }
    }
  }
}