{
  "T_out": 931.0315668715707,
  "Q_burner": 34290.0,
  "Q_chem": 0.0,
  "residual": 0.0,
  "converged": false,
  "steps": 1,
  "branch_status": "COLD",
  "kernel_T": 2926.7078875482875,
  "kernel_H2": 0.767813733312754,
  "kernel_CO": 2.2282556516747105
}