{
  "T_out": 826.7309996943056,
  "Q_burner": 34290.0,
  "Q_chem": 0.0,
  "residual": 0.0,
  "converged": false,
  "steps": 1,
  "branch_status": "COLD",
  "kernel_T": 2926.7078681124185,
  "kernel_H2": 0.7678206354374053,
  "kernel_CO": 2.228272407960123
}