{
  "T_out": 826.0584663038452,
  "Q_burner": 34290.0,
  "Q_chem": 0.0,
  "residual": 0.0,
  "converged": false,
  "steps": 1,
  "branch_status": "COLD",
  "kernel_T": 2926.7125227480024,
  "kernel_H2": 0.7737921218705216,
  "kernel_CO": 2.2471315714093607
}