{
  "T_out": 906.2546386513964,
  "Q_burner": 36360.0,
  "Q_chem": 0.0,
  "residual": 0.0,
  "converged": false,
  "steps": 1,
  "branch_status": "COLD",
  "kernel_T": 2936.3365369683793,
  "kernel_H2": 0.392045114133568,
  "kernel_CO": 1.1060521633935558
}