{
  "T_out": 825.8797952365634,
  "Q_burner": 34290.0,
  "Q_chem": 0.0,
  "residual": 0.0,
  "converged": false,
  "steps": 1,
  "branch_status": "COLD",
  "kernel_T": 2926.7125007172067,
  "kernel_H2": 0.7737973729310242,
  "kernel_CO": 2.2471424334584205
}