{
  "T_out": 826.8218732726201,
  "Q_burner": 34290.0,
  "Q_chem": 0.0,
  "residual": 0.0,
  "converged": false,
  "steps": 1,
  "branch_status": "COLD",
  "kernel_T": 2926.707961007242,
  "kernel_H2": 0.7678450065745085,
  "kernel_CO": 2.2283334677800064
}