{
  "T_out": 919.2846304524967,
  "Q_burner": 34290.0,
  "Q_chem": 0.0,
  "residual": 0.0,
  "converged": false,
  "steps": 1,
  "branch_status": "COLD",
  "kernel_T": 2926.7078899557105,
  "kernel_H2": 0.7678101398089675,
  "kernel_CO": 2.2282452847754612
}