{
  "T_out": 2131.614981316078,
  "Q_burner": 36360.0,
  "Q_chem": 0.0,
  "residual": 0.0,
  "converged": true,
  "steps": 1,
  "branch_status": "HOT",
  "kernel_T": 2936.336536970095,
  "kernel_H2": 0.3920451105580856,
  "kernel_CO": 1.1060521492595965
}