{
  "T_out": 929.5843961276636,
  "Q_burner": 36360.0,
  "Q_chem": 0.0,
  "residual": 0.0,
  "converged": false,
  "steps": 1,
  "branch_status": "COLD",
  "kernel_T": 2936.3324531805492,
  "kernel_H2": 0.3872407710880189,
  "kernel_CO": 1.091229144451168
}