{
  "T_out": 869.4259918080743,
  "Q_burner": 36360.0,
  "Q_chem": 0.0,
  "residual": 0.0,
  "converged": false,
  "steps": 1,
  "branch_status": "COLD",
  "kernel_T": 2936.3324530637938,
  "kernel_H2": 0.3872409812456296,
  "kernel_CO": 1.0912297271877796
}