{
  "T_out": 826.4963061436625,
  "Q_burner": 34290.0,
  "Q_chem": 0.0,
  "residual": 0.0,
  "converged": false,
  "steps": 1,
  "branch_status": "COLD",
  "kernel_T": 2926.7079631167962,
  "kernel_H2": 0.7678438713699521,
  "kernel_CO": 2.228330546176096
}