{
  "T_out": 826.9940422832339,
  "Q_burner": 34290.0,
  "Q_chem": 0.0,
  "residual": 0.0,
  "converged": false,
  "steps": 1,
  "branch_status": "COLD",
  "kernel_T": 2926.7125227242327,
  "kernel_H2": 0.7737921468621611,
  "kernel_CO": 2.2471317269505295
}