{
  "T_out": 850.3375322857195,
  "Q_burner": 36360.0,
  "Q_chem": 0.0,
  "residual": 0.0,
  "converged": false,
  "steps": 1,
  "branch_status": "COLD",
  "kernel_T": 2936.3324531779663,
  "kernel_H2": 0.3872408759510916,
  "kernel_CO": 1.0912294515361216
}