{
  "T_out": 826.2767048864063,
  "Q_burner": 34290.0,
  "Q_chem": 0.0,
  "residual": 0.0,
  "converged": false,
  "steps": 1,
  "branch_status": "COLD",
  "kernel_T": 2926.712501480336,
  "kernel_H2": 0.7737958594224066,
  "kernel_CO": 2.247138479724146
}