{
  "T_out": 825.1653094361415,
  "Q_burner": 34290.0,
  "Q_chem": 0.0,
  "residual": 0.0,
  "converged": false,
  "steps": 1,
  "branch_status": "COLD",
  "kernel_T": 2926.712498737788,
  "kernel_H2": 0.7738002958364465,
  "kernel_CO": 2.247151412789608
}