{
  "T_out": 827.6579713683428,
  "Q_burner": 34290.0,
  "Q_chem": 0.0,
  "residual": 0.0,
  "converged": false,
  "steps": 1,
  "branch_status": "COLD",
  "kernel_T": 2926.712501522298,
  "kernel_H2": 0.7737957942324558,
  "kernel_CO": 2.2471382150804033
}