{
  "T_out": 1977.7792085086646,
  "Q_burner": 34290.0,
  "Q_chem": 0.0,
  "residual": 0.0,
  "converged": true,
  "steps": 1,
  "branch_status": "HOT",
  "kernel_T": 2926.7078698816817,
  "kernel_H2": 0.7678199397809526,
  "kernel_CO": 2.2282704561669675
}