{
  "T_out": 828.1151353674336,
  "Q_burner": 34290.0,
  "Q_chem": 0.0,
  "residual": 0.0,
  "converged": false,
  "steps": 1,
  "branch_status": "COLD",
  "kernel_T": 2926.7125006297274,
  "kernel_H2": 0.7738011724684057,
  "kernel_CO": 2.247153638167064
}