{
  "T_out": 905.8941234245601,
  "Q_burner": 36360.0,
  "Q_chem": 0.0,
  "residual": 0.0,
  "converged": false,
  "steps": 1,
  "branch_status": "COLD",
  "kernel_T": 2936.332551458171,
  "kernel_H2": 0.3872500978130767,
  "kernel_CO": 1.0912517148924545
}