{
  "T_out": 849.320893831001,
  "Q_burner": 36360.0,
  "Q_chem": 0.0,
  "residual": 0.0,
  "converged": false,
  "steps": 1,
  "branch_status": "COLD",
  "kernel_T": 2936.33655123774,
  "kernel_H2": 0.3920400435943787,
  "kernel_CO": 1.1060386193616565
}