{
  "T_out": 1965.6169103097075,
  "Q_burner": 34290.0,
  "Q_chem": 0.0,
  "residual": 0.0,
  "converged": true,
  "steps": 1,
  "branch_status": "HOT",
  "kernel_T": 2926.7125012637307,
  "kernel_H2": 0.7737999422514797,
  "kernel_CO": 2.2471505529727764
}