{
  "H2_CO_out_avg": 2.062960657466263,
  "CH4_slip_pct_avg": 14.392122960424894,
  "T_out_avg": 1465.8716653950712,
  "profile_rmse": {},
  "per_case": {
    "A_case1_richter": {
      "H2_CO_out": 2.083031729877839,
      "CH4_out": 0.16976016564452526,
      "T_out_K": 1432.0445440111837,
      "rmse": {
        "T": 3.4565152824726164,
        "X_H2": 0.016386692408084803,
        "X_CO": 0.012694419744193811
      }
    },
    "A_case4_richter": {
      "H2_CO_out": 2.0790399400452952,
      "CH4_out": 0.10247004716399491,
      "T_out_K": 1448.7753309715947,
      "rmse": {
        "T": 3.1772586242847054,
        "X_H2": 0.012883412374859307,
        "X_CO": 0.01033461645638321
      }
    },
    "B_case1_134L": {
      "H2_CO_out": 2.0439149672006582,
      "CH4_out": 0.1873755543997365,
      "T_out_K": 1483.5854606951268,
      "rmse": {
        "T": 2.19136163749616,
        "X_H2": 0.013589371502059557,
        "X_CO": 0.01656825043318893
      }
    },
    "B_case4_134L": {
      "H2_CO_out": 2.0458559927412585,
      "CH4_out": 0.11607915120873911,
      "T_out_K": 1499.0813259023798,
      "rmse": {
        "T": 2.464001826443741,
        "X_H2": 0.010030332554397359,
        "X_CO": 0.013894081468916967
      }
    }
  }
}