{
  "T_out": 880.9141885112548,
  "Q_burner": 36360.0,
  "Q_chem": 0.0,
  "residual": 0.0,
  "converged": false,
  "steps": 1,
  "branch_status": "COLD",
  "kernel_T": 2936.336537109554,
  "kernel_H2": 0.39204497498687757,
  "kernel_CO": 1.106051797505636
}