{
  "T_out": 1955.6909240564357,
  "Q_burner": 34290.0,
  "Q_chem": 0.0,
  "residual": 0.0,
  "converged": true,
  "steps": 1,
  "branch_status": "HOT",
  "kernel_T": 2926.7124986929934,
  "kernel_H2": 0.7738003668622375,
  "kernel_CO": 2.247151697487275
}