{
  "T_out": 825.5800655107832,
  "Q_burner": 34290.0,
  "Q_chem": 0.0,
  "residual": 0.0,
  "converged": false,
  "steps": 1,
  "branch_status": "COLD",
  "kernel_T": 2926.7078701098008,
  "kernel_H2": 0.7678196378791947,
  "kernel_CO": 2.2282696693893116
}