{
  "T_out": 1923.445823601555,
  "Q_burner": 34290.0,
  "Q_chem": 0.0,
  "residual": 0.0,
  "converged": true,
  "steps": 1,
  "branch_status": "HOT",
  "kernel_T": 2926.712500378924,
  "kernel_H2": 0.7738015259473165,
  "kernel_CO": 2.2471544886720647
}