{
  "T_out": 1941.8385427092076,
  "Q_burner": 34290.0,
  "Q_chem": 0.0,
  "residual": 0.0,
  "converged": true,
  "steps": 1,
  "branch_status": "HOT",
  "kernel_T": 2926.7125257040616,
  "kernel_H2": 0.7737874139743478,
  "kernel_CO": 2.2471180186833606
}