{
  "T_out": 825.8686919595882,
  "Q_burner": 34290.0,
  "Q_chem": 0.0,
  "residual": 0.0,
  "converged": false,
  "steps": 1,
  "branch_status": "COLD",
  "kernel_T": 2926.712500997144,
  "kernel_H2": 0.7737969833120502,
  "kernel_CO": 2.2471413861535403
}