{
  "T_out": 825.0037825817789,
  "Q_burner": 34290.0,
  "Q_chem": 0.0,
  "residual": 0.0,
  "converged": false,
  "steps": 1,
  "branch_status": "COLD",
  "kernel_T": 2926.7078720995946,
  "kernel_H2": 0.7678165911198277,
  "kernel_CO": 2.2282606761968977
}