{
  "T_out": 827.3318956745848,
  "Q_burner": 34290.0,
  "Q_chem": 0.0,
  "residual": 0.0,
  "converged": false,
  "steps": 1,
  "branch_status": "COLD",
  "kernel_T": 2926.707868520308,
  "kernel_H2": 0.7678197768933127,
  "kernel_CO": 2.2282701425056515
}