{
  "T_out": 826.4053565483805,
  "Q_burner": 34290.0,
  "Q_chem": 0.0,
  "residual": 0.0,
  "converged": false,
  "steps": 1,
  "branch_status": "COLD",
  "kernel_T": 2926.7079822852656,
  "kernel_H2": 0.7678376172801579,
  "kernel_CO": 2.2283156311186136
}