{
  "T_out": 886.4974318453872,
  "Q_burner": 34290.0,
  "Q_chem": 0.0,
  "residual": 0.0,
  "converged": false,
  "steps": 1,
  "branch_status": "COLD",
  "kernel_T": 2926.7125278984026,
  "kernel_H2": 0.773787421020139,
  "kernel_CO": 2.24711773677647
}