{
  "T_out": 829.7789008383035,
  "Q_burner": 34290.0,
  "Q_chem": 0.0,
  "residual": 0.0,
  "converged": false,
  "steps": 1,
  "branch_status": "COLD",
  "kernel_T": 2926.7078875589777,
  "kernel_H2": 0.767813713134625,
  "kernel_CO": 2.228255600172547
}