{
  "T_out": 1913.7137972849534,
  "Q_burner": 34290.0,
  "Q_chem": 0.0,
  "residual": 0.0,
  "converged": true,
  "steps": 1,
  "branch_status": "HOT",
  "kernel_T": 2926.7126129205453,
  "kernel_H2": 0.7738243939130846,
  "kernel_CO": 2.247206676770891
}