{
  "T_out": 1971.455728020934,
  "Q_burner": 34290.0,
  "Q_chem": 0.0,
  "residual": 0.0,
  "converged": true,
  "steps": 1,
  "branch_status": "HOT",
  "kernel_T": 2926.7125012606793,
  "kernel_H2": 0.7737961709519366,
  "kernel_CO": 2.2471391589533556
}