{
  "runtime_sec": 272.1878664493561,
  "best_penalty": 1000000.0,
  "final_penalty": 603.3395298403094,
  "closure": {
    "n_species": 32,
    "n_reactions": 122,
    "iterations": 2,
    "kept_species_idx": [
      0,
      1,
      2,
      3,
      4,
      5,
      6,
      7,
      8,
      9,
      10,
      13,
      14,
      15,
      16,
      17,
      21,
      25,
      26,
      27,
      28,
      32,
      34,
      35,
      37,
      38,
      40,
      46,
      47,
      49,
      50,
      51
    ],
    "kept_reaction_idx": [
      0,
      1,
      2,
      3,
      4,
      5,
      6,
      11,
      12,
      13,
      14,
      19,
      26,
      27,
      28,
      29,
      30,
      31,
      32,
      33,
      34,
      35,
      36,
      37,
      38,
      39,
      40,
      41,
      42,
      43,
      44,
      45,
      46,
      47,
      48,
      53,
      54,
      57,
      75,
      77,
      79,
      82,
      83,
      84,
      85,
      86,
      87,
      88,
      89,
      90,
      91,
      92,
      98,
      99,
      100,
      105,
      112,
      113,
      114,
      115,
      116,
      119,
      120,
      121,
      122,
      124,
      125,
      126,
      130,
      131,
      132,
      134,
      139,
      165,
      166,
      167,
      170,
      175,
      180,
      181,
      182,
      183,
      184,
      200,
      203,
      204,
      205,
      206,
      208,
      209,
      211,
      212,
      213,
      214,
      215,
      221,
      223,
      225,
      227,
      228,
      230,
      235,
      245,
      246,
      249,
      286,
      289,
      290,
      303,
      304,
      305,
      306,
      308,
      309,
      312,
      313,
      314,
      315,
      318,
      319,
      322,
      323
    ],
    "hard_species_enforced": [
      "C2H6",
      "CH2O",
      "CH4",
      "CO",
      "CO2",
      "H",
      "H2",
      "H2O",
      "H2O2",
      "HCO",
      "HO2",
      "N2",
      "O",
      "O2",
      "OH"
    ]
  },
  "best_diagnostics": {
    "candidate_yaml": "runs\\20251012_202817\\gen_00\\ind_000\\cand_bc82144f7287\\candidate.yaml",
    "closure": {
      "n_species": 32,
      "n_reactions": 122,
      "iterations": 2,
      "kept_species_idx": [
        0,
        1,
        2,
        3,
        4,
        5,
        6,
        7,
        8,
        9,
        10,
        13,
        14,
        15,
        16,
        17,
        21,
        25,
        26,
        27,
        28,
        32,
        34,
        35,
        37,
        38,
        40,
        46,
        47,
        49,
        50,
        51
      ],
      "kept_reaction_idx": [
        0,
        1,
        2,
        3,
        4,
        5,
        6,
        11,
        12,
        13,
        14,
        19,
        26,
        27,
        28,
        29,
        30,
        31,
        32,
        33,
        34,
        35,
        36,
        37,
        38,
        39,
        40,
        41,
        42,
        43,
        44,
        45,
        46,
        47,
        48,
        53,
        54,
        57,
        75,
        77,
        79,
        82,
        83,
        84,
        85,
        86,
        87,
        88,
        89,
        90,
        91,
        92,
        98,
        99,
        100,
        105,
        112,
        113,
        114,
        115,
        116,
        119,
        120,
        121,
        122,
        124,
        125,
        126,
        130,
        131,
        132,
        134,
        139,
        165,
        166,
        167,
        170,
        175,
        180,
        181,
        182,
        183,
        184,
        200,
        203,
        204,
        205,
        206,
        208,
        209,
        211,
        212,
        213,
        214,
        215,
        221,
        223,
        225,
        227,
        228,
        230,
        235,
        245,
        246,
        249,
        286,
        289,
        290,
        303,
        304,
        305,
        306,
        308,
        309,
        312,
        313,
        314,
        315,
        318,
        319,
        322,
        323
      ],
      "hard_species_enforced": [
        "C2H6",
        "CH2O",
        "CH4",
        "CO",
        "CO2",
        "H",
        "H2",
        "H2O",
        "H2O2",
        "HCO",
        "HO2",
        "N2",
        "O",
        "O2",
        "OH"
      ]
    },
    "fast_metrics_path": "runs\\20251012_202817\\gen_00\\ind_000\\cand_bc82144f7287\\fast_eval\\metrics.json",
    "cases": {
      "A_case1_richter": {
        "rmse_T": 690.6295569029879,
        "rmse_X_H2": 0.4752225361054854,
        "rmse_X_CO": 0.20987272476969188,
        "pass": false
      }
    },
    "psr_pass": true,
    "pfr_pass": false,
    "n_species_final": 32,
    "n_reactions_final": 122,
    "ch4_slip_pct": 57.39118329548424,
    "size_penalty": 0.15555555555555556,
    "soft_penalty": 5.0,
    "raw_penalty": 1000000.0
  },
  "final_metrics_path": "runs\\20251012_202817\\final_eval\\metrics.json",
  "metrics_json_path": "runs\\20251012_202817\\final_eval\\metrics.json",
  "reduced_yaml_path": "runs\\20251012_202817\\reduced.yaml",
  "ga_trace_csv_path": "runs\\20251012_202817\\ga_trace.csv",
  "species_mask": [
    true,
    true,
    true,
    true,
    true,
    true,
    true,
    true,
    true,
    true,
    true,
    false,
    false,
    true,
    true,
    true,
    true,
    true,
    false,
    false,
    false,
    true,
    false,
    false,
    false,
    true,
    true,
    true,
    true,
    false,
    false,
    false,
    true,
    false,
    true,
    true,
    false,
    true,
    true,
    false,
    true,
    false,
    false,
    false,
    false,
    false,
    true,
    true,
    false,
    true,
    true,
    true,
    false
  ],