{
  "T_out": 2032.260727096437,
  "Q_burner": 34290.0,
  "Q_chem": 0.0,
  "residual": 0.0,
  "converged": true,
  "steps": 1,
  "branch_status": "HOT",
  "kernel_T": 2926.7078683455593,
  "kernel_H2": 0.7678199930379423,
  "kernel_CO": 2.228270638808657
}