{
  "T_out": 1957.3773825145852,
  "Q_burner": 34290.0,
  "Q_chem": 0.0,
  "residual": 0.0,
  "converged": true,
  "steps": 1,
  "branch_status": "HOT",
  "kernel_T": 2926.7078681143935,
  "kernel_H2": 0.7678206318537681,
  "kernel_CO": 2.228272395103281
}