{
  "T_out": 1966.05607973931,
  "Q_burner": 34290.0,
  "Q_chem": 0.0,
  "residual": 0.0,
  "converged": true,
  "steps": 1,
  "branch_status": "HOT",
  "kernel_T": 2926.707889761793,
  "kernel_H2": 0.7678103919585232,
  "kernel_CO": 2.228245869042627
}