{
  "T_out": 1879.0316645778728,
  "Q_burner": 34290.0,
  "Q_chem": 0.0,
  "residual": 0.0,
  "converged": true,
  "steps": 1,
  "branch_status": "HOT",
  "kernel_T": 2926.7079846766155,
  "kernel_H2": 0.7678340906398543,
  "kernel_CO": 2.2283053686156533,
  "mechanism_path": "/mnt/d/Thesis/Master_Thesis/runs/20251013_234429/reduced.yaml",
  "n_species_mech": 31,
  "n_reactions_mech": 128
}