{
  "H2_CO_out_avg": 2.239477674756571,
  "CH4_slip_pct_avg": 14.094709876672571,
  "T_out_avg": 1472.1696326168747,
  "profile_rmse": {},
  "per_case": {
    "A_case1_richter": {
      "H2_CO_out": 2.283223944707213,
      "CH4_out": 0.16583905047884012,
      "T_out_K": 1437.8905518595832,
      "rmse": {
        "T": 6.5324136151774255,
        "X_H2": 0.00495228981143796,
        "X_CO": 0.00324898466608253
      }
    },
    "A_case4_richter": {
      "H2_CO_out": 2.225018756657282,
      "CH4_out": 0.10026394851103702,
      "T_out_K": 1453.8124206910038,
      "rmse": {
        "T": 5.599164950723954,
        "X_H2": 0.003890149829193375,
        "X_CO": 0.002608217710115924
      }
    },
    "B_case1_134L": {
      "H2_CO_out": 2.252594769005377,
      "CH4_out": 0.18370390204429957,
      "T_out_K": 1491.4659625634024,
      "rmse": {
        "T": 14.414109474959028,
        "X_H2": 0.0068544114244639505,
        "X_CO": 0.00504833687814918
      }
    },
    "B_case4_134L": {
      "H2_CO_out": 2.197073228656412,
      "CH4_out": 0.11398149403272605,
      "T_out_K": 1505.5095953535094,
      "rmse": {
        "T": 13.396354740193011,
        "X_H2": 0.005964750118084885,
        "X_CO": 0.004584625308189419
      }
    }
  }
}