{
  "T_out": 1907.029727997199,
  "Q_burner": 34290.0,
  "Q_chem": 0.0,
  "residual": 0.0,
  "converged": true,
  "steps": 1,
  "branch_status": "HOT",
  "kernel_T": 2926.707887516287,
  "kernel_H2": 0.7678137789826656,
  "kernel_CO": 2.22825583971943
}