{
  "T_out": 881.4728643373204,
  "Q_burner": 36360.0,
  "Q_chem": 0.0,
  "residual": 0.0,
  "converged": false,
  "steps": 1,
  "branch_status": "COLD",
  "kernel_T": 2936.3365371793234,
  "kernel_H2": 0.3920447583080685,
  "kernel_CO": 1.1060511904217287
}