{
  "T_out": 826.104483789684,
  "Q_burner": 34290.0,
  "Q_chem": 0.0,
  "residual": 0.0,
  "converged": false,
  "steps": 1,
  "branch_status": "COLD",
  "kernel_T": 2926.71250146203,
  "kernel_H2": 0.7737958999072334,
  "kernel_CO": 2.2471385898618657
}