{
  "H2_CO_out_avg": 2.2362819610082605,
  "CH4_slip_pct_avg": 15.278302947856643,
  "T_out_avg": 1462.5714047331896,
  "profile_rmse": {},
  "per_case": {
    "A_case1_richter": {
      "H2_CO_out": 2.2812491754134547,
      "CH4_out": 0.1790439520074045,
      "T_out_K": 1429.7685024602654,
      "rmse": {
        "T": 6.6751792935952805,
        "X_H2": 0.01556271774631306,
        "X_CO": 0.006498714322530257
      }
    },
    "A_case4_richter": {
      "H2_CO_out": 2.2214098626774295,
      "CH4_out": 0.11072450222609057,
      "T_out_K": 1445.1738238937698,
      "rmse": {
        "T": 7.604439120320032,
        "X_H2": 0.013331877534722281,
        "X_CO": 0.005437436184307995
      }
    },
    "B_case1_134L": {
      "H2_CO_out": 2.249912958076423,
      "CH4_out": 0.19681590804678917,
      "T_out_K": 1480.4267923065831,
      "rmse": {
        "T": 4.348006200824159,
        "X_H2": 0.011565887044233263,
        "X_CO": 0.003087009179375925
      }
    },
    "B_case4_134L": {
      "H2_CO_out": 2.1925558478657328,
      "CH4_out": 0.1245477556339815,
      "T_out_K": 1494.91650027214,
      "rmse": {
        "T": 4.286124520871304,
        "X_H2": 0.009764016443173791,
        "X_CO": 0.0023406383031432357
      }
    }
  }
}