{
  "T_out": 825.3910253611906,
  "Q_burner": 34290.0,
  "Q_chem": 0.0,
  "residual": 0.0,
  "converged": false,
  "steps": 1,
  "branch_status": "COLD",
  "kernel_T": 2926.7078897383362,
  "kernel_H2": 0.7678104213750836,
  "kernel_CO": 2.2282460198492835
}