{
  "T_out": 1954.4336443760665,
  "Q_burner": 34290.0,
  "Q_chem": 0.0,
  "residual": 0.0,
  "converged": true,
  "steps": 1,
  "branch_status": "HOT",
  "kernel_T": 2926.712498465858,
  "kernel_H2": 0.7738006689125122,
  "kernel_CO": 2.2471523901599215
}