{
  "H2_CO_out_avg": 1.8033947991959893,
  "CH4_slip_pct_avg": 0.020569015627091593,
  "T_out_avg": 1841.5755742520792,
  "profile_rmse": {},
  "per_case": {
    "A_case1_richter": {
      "H2_CO_out": 1.9191873373191242,
      "CH4_out": 0.0003998566637058196,
      "T_out_K": 1655.841637411456,
      "psr_converged": true,
      "psr_temperature_K": 1925.0267540799307,
      "feasibility_penalty": 808.1266268087584,
      "dry_X": {
        "H2": 0.6263073988727151,
        "CO": 0.32633989746284586,
        "O2": 5.853133332696756e-13,
        "CH4": 0.0003998566637058196
      },
      "rmse": {
        "T": 13.5071376074399,
        "X_H2": 0.002966715231787451,
        "X_CO": 0.000466602229103059
      }
    },
    "A_case4_richter": {
      "H2_CO_out": 1.6876022610728543,
      "CH4_out": 1.1523648836012251e-05,
      "T_out_K": 2027.3095110927022,
      "psr_converged": true,
      "psr_temperature_K": 2133.8385348340603,
      "feasibility_penalty": 3123.9773892714575,
      "dry_X": {
        "H2": 0.594517636922444,
        "CO": 0.35228539960860983,
        "O2": 1.1305742809664859e-09,
        "CH4": 1.1523648836012251e-05
      },
      "rmse": {
        "T": 25.139910299261672,
        "X_H2": 0.008836650707494573,
        "X_CO": 0.005034253550536882
      }
    }
  },
  "feasibility_penalty": 3932.104016080216,
  "mech_yaml": "/mnt/d/Thesis/Master_Thesis/runs/20251013_234429/gen_27/ind_001/cand_faba519b2bbb/candidate.yaml",
  "n_species": 32,
  "n_reactions": 128
}