{
  "T_out": 2118.3615495734016,
  "Q_burner": 36360.0,
  "Q_chem": 0.0,
  "residual": 0.0,
  "converged": true,
  "steps": 1,
  "branch_status": "HOT",
  "kernel_T": 2936.336538905445,
  "kernel_H2": 0.39204488414540156,
  "kernel_CO": 1.1060514344066983
}