{
  "T_out": 825.4905818895564,
  "Q_burner": 34290.0,
  "Q_chem": 0.0,
  "residual": 0.0,
  "converged": false,
  "steps": 1,
  "branch_status": "COLD",
  "kernel_T": 2926.7125009626347,
  "kernel_H2": 0.7737970304320797,
  "kernel_CO": 2.2471416307605625
}