{
  "T_out": 889.4857881109056,
  "Q_burner": 34290.0,
  "Q_chem": 0.0,
  "residual": 0.0,
  "converged": false,
  "steps": 1,
  "branch_status": "COLD",
  "kernel_T": 2926.7125036703,
  "kernel_H2": 0.7737958763688466,
  "kernel_CO": 2.2471382325159808
}