{
  "T_out": 827.1641332253619,
  "Q_burner": 34290.0,
  "Q_chem": 0.0,
  "residual": 0.0,
  "converged": false,
  "steps": 1,
  "branch_status": "COLD",
  "kernel_T": 2926.712525197287,
  "kernel_H2": 0.7737885624290968,
  "kernel_CO": 2.247121080220805
}