{
  "H2_CO_out_avg": 2.235252782852766,
  "CH4_slip_pct_avg": 15.335241040948944,
  "T_out_avg": 1464.320396769529,
  "profile_rmse": {},
  "per_case": {
    "A_case1_richter": {
      "H2_CO_out": 2.280557094458876,
      "CH4_out": 0.17941959462091867,
      "T_out_K": 1430.8750708576388,
      "rmse": {
        "T": 4.766202047059847,
        "X_H2": 0.01724542043398619,
        "X_CO": 0.007384956266500555
      }
    },
    "A_case4_richter": {
      "H2_CO_out": 2.2209563504827425,
      "CH4_out": 0.11093842967038953,
      "T_out_K": 1445.9678353511633,
      "rmse": {
        "T": 6.136127034899011,
        "X_H2": 0.014435997196506865,
        "X_CO": 0.006009256903766244
      }
    },
    "B_case1_134L": {
      "H2_CO_out": 2.2481618340405403,
      "CH4_out": 0.19789775453268985,
      "T_out_K": 1483.4079756599153,
      "rmse": {
        "T": 4.372439404054274,
        "X_H2": 0.01572283622730968,
        "X_CO": 0.00568982035809592
      }
    },
    "B_case4_134L": {
      "H2_CO_out": 2.1913358524289057,
      "CH4_out": 0.12515386281395968,
      "T_out_K": 1497.0307052093983,
      "rmse": {
        "T": 4.216106150211844,
        "X_H2": 0.012659571954224742,
        "X_CO": 0.00423373075027346
      }
    }
  }
}