{
  "T_out": 826.5866504801279,
  "Q_burner": 34290.0,
  "Q_chem": 0.0,
  "residual": 0.0,
  "converged": false,
  "steps": 1,
  "branch_status": "COLD",
  "kernel_T": 2926.7125254132015,
  "kernel_H2": 0.773788337113497,
  "kernel_CO": 2.247120524557201
}