{
  "H2_CO_out_avg": 24.091160908181934,
  "CH4_slip_pct_avg": 13.311780231125358,
  "T_out_avg": 1492.6199907681003,
  "profile_rmse": {},
  "per_case": {
    "A_case1_richter": {
      "H2_CO_out": 20.58630811704746,
      "CH4_out": 0.15468197539785614,
      "T_out_K": 1467.4908381181851,
      "rmse": {
        "T": 29.990135119687423,
        "X_H2": 0.21403040675467327,
        "X_CO": 0.17925888949117183
      }
    },
    "A_case4_richter": {
      "H2_CO_out": 24.193462567811856,
      "CH4_out": 0.10326346723230852,
      "T_out_K": 1489.6993323882702,
      "rmse": {
        "T": 33.314502859384405,
        "X_H2": 0.2330603345786215,
        "X_CO": 0.20822491437695015
      }
    },
    "B_case1_134L": {
      "H2_CO_out": 23.892537002343992,
      "CH4_out": 0.1643152231031624,
      "T_out_K": 1497.2761594613937,
      "rmse": {
        "T": 41.028642604786455,
        "X_H2": 0.2372639112317625,
        "X_CO": 0.1704323739405569
      }
    },
    "B_case4_134L": {
      "H2_CO_out": 27.692335945524437,
      "CH4_out": 0.11021054351168726,
      "T_out_K": 1516.013633104551,
      "rmse": {
        "T": 44.397042315721556,
        "X_H2": 0.2534224731091421,
        "X_CO": 0.20130499531138302
      }
    }
  }
}