{
  "H2_CO_out_avg": 1.7637851139865495,
  "CH4_slip_pct_avg": 0.006193761974124597,
  "T_out_avg": 1885.601493072279,
  "profile_rmse": {},
  "per_case": {
    "A_case1_richter": {
      "H2_CO_out": 1.8843466725165492,
      "CH4_out": 0.00011804675457962834,
      "T_out_K": 1710.5973455750157,
      "psr_converged": true,
      "psr_temperature_K": 1977.7792085086646,
      "feasibility_penalty": 1156.5332748345081,
      "dry_X": {
        "H2": 0.6123731606129748,
        "CO": 0.3249790336059283,
        "O2": 2.8112342134193954e-12,
        "CH4": 0.00011804675457962834
      },
      "rmse": {
        "T": 115.72059846287054,
        "X_H2": 0.030677133445733744,
        "X_CO": 0.008393720360844459
      }
    },
    "A_case4_richter": {
      "H2_CO_out": 1.64322355545655,
      "CH4_out": 5.828484902863586e-06,
      "T_out_K": 2060.6056405695426,
      "psr_converged": true,
      "psr_temperature_K": 2179.352337007409,
      "feasibility_penalty": 3567.7644454345004,
      "dry_X": {
        "H2": 0.5774575943995524,
        "CO": 0.35141754904986905,
        "O2": 2.6725355242366535e-09,
        "CH4": 5.828484902863586e-06
      },
      "rmse": {
        "T": 112.07628381802827,
        "X_H2": 0.032818913480080536,
        "X_CO": 0.010574835907674522
      }
    }
  },
  "feasibility_penalty": 4724.297720269009
}