{
  "T_out": 827.0580670272957,
  "Q_burner": 34290.0,
  "Q_chem": 0.0,
  "residual": 0.0,
  "converged": false,
  "steps": 1,
  "branch_status": "COLD",
  "kernel_T": 2926.71264039168,
  "kernel_H2": 0.7738103174213867,
  "kernel_CO": 2.247170024976266
}