{
  "T_out": 892.9768696779253,
  "Q_burner": 36360.0,
  "Q_chem": 0.0,
  "residual": 0.0,
  "converged": false,
  "steps": 1,
  "branch_status": "COLD",
  "kernel_T": 2936.332453118728,
  "kernel_H2": 0.3872409245958009,
  "kernel_CO": 1.0912295834448775
}