{
  "T_out": 827.2235998938962,
  "Q_burner": 34290.0,
  "Q_chem": 0.0,
  "residual": 0.0,
  "converged": false,
  "steps": 1,
  "branch_status": "COLD",
  "kernel_T": 2926.7079803700512,
  "kernel_H2": 0.7678384998519078,
  "kernel_CO": 2.228317938318105
}