{
  "T_out": 1950.4325631004037,
  "Q_burner": 34290.0,
  "Q_chem": 0.0,
  "residual": 0.0,
  "converged": true,
  "steps": 1,
  "branch_status": "HOT",
  "kernel_T": 2926.7079631768897,
  "kernel_H2": 0.7678417303796067,
  "kernel_CO": 2.228323949036657
}