{
  "T_out": 826.4208986157337,
  "Q_burner": 34290.0,
  "Q_chem": 0.0,
  "residual": 0.0,
  "converged": false,
  "steps": 1,
  "branch_status": "COLD",
  "kernel_T": 2926.7078875335487,
  "kernel_H2": 0.7678137458925505,
  "kernel_CO": 2.2282557345609777
}