{
  "T_out": 826.163388464705,
  "Q_burner": 34290.0,
  "Q_chem": 0.0,
  "residual": 0.0,
  "converged": false,
  "steps": 1,
  "branch_status": "COLD",
  "kernel_T": 2926.712525347392,
  "kernel_H2": 0.7737915803270285,
  "kernel_CO": 2.2471301804751094
}