{
  "T_out": 905.8035090798545,
  "Q_burner": 36360.0,
  "Q_chem": 0.0,
  "residual": 0.0,
  "converged": false,
  "steps": 1,
  "branch_status": "COLD",
  "kernel_T": 2936.33653717969,
  "kernel_H2": 0.39204475766278085,
  "kernel_CO": 1.1060511881431396
}