{
  "H2_CO_out_avg": 1.8104172284086548,
  "CH4_slip_pct_avg": 0.026597277024344893,
  "T_out_avg": 1796.7313039608794,
  "profile_rmse": {},
  "per_case": {
    "A_case1_richter": {
      "H2_CO_out": 1.9312345730676341,
      "CH4_out": 0.000516237825795321,
      "T_out_K": 1613.6098221319317,
      "psr_converged": true,
      "psr_temperature_K": 1933.65658118494,
      "feasibility_penalty": 687.6542693236587,
      "dry_X": {
        "H2": 0.6262719153835106,
        "CO": 0.3242857828444529,
        "O2": 2.257354967461467e-13,
        "CH4": 0.000516237825795321
      },
      "rmse": {
        "T": 20.901608352943835,
        "X_H2": 0.0041799307351304184,
        "X_CO": 0.0010418428840651118
      }
    },
    "A_case4_richter": {
      "H2_CO_out": 1.6895998837496753,
      "CH4_out": 1.570771469157687e-05,
      "T_out_K": 1979.8527857898268,
      "psr_converged": true,
      "psr_temperature_K": 2125.700439730124,
      "feasibility_penalty": 3104.001162503247,
      "dry_X": {
        "H2": 0.5934450506034936,
        "CO": 0.3512340740024673,
        "O2": 5.697653706305712e-10,
        "CH4": 1.570771469157687e-05
      },
      "rmse": {
        "T": 37.630642447446846,
        "X_H2": 0.01013998631097965,
        "X_CO": 0.005026836727371052
      }
    }
  },
  "feasibility_penalty": 3791.655431826906
}