{
  "T_out": 825.3684904889016,
  "Q_burner": 34290.0,
  "Q_chem": 0.0,
  "residual": 0.0,
  "converged": false,
  "steps": 1,
  "branch_status": "COLD",
  "kernel_T": 2926.7124979562795,
  "kernel_H2": 0.773801822594402,
  "kernel_CO": 2.2471554702159624
}