{
  "T_out": 826.0311410748186,
  "Q_burner": 34290.0,
  "Q_chem": 0.0,
  "residual": 0.0,
  "converged": false,
  "steps": 1,
  "branch_status": "COLD",
  "kernel_T": 2926.7125007567724,
  "kernel_H2": 0.7737973113084755,
  "kernel_CO": 2.247142181293503
}