{
  "T_out": 867.9153011102206,
  "Q_burner": 34290.0,
  "Q_chem": 0.0,
  "residual": 0.0,
  "converged": false,
  "steps": 1,
  "branch_status": "COLD",
  "kernel_T": 2926.712503523068,
  "kernel_H2": 0.7737966295811141,
  "kernel_CO": 2.247140525733946
}