{
  "H2_CO_out_avg": 2.2317545340867575,
  "CH4_slip_pct_avg": 14.344377903377648,
  "T_out_avg": 1480.2262967043728,
  "profile_rmse": {},
  "per_case": {
    "A_case1_richter": {
      "H2_CO_out": 2.276719447618998,
      "CH4_out": 0.16807602289573623,
      "T_out_K": 1444.5737351071398,
      "rmse": {
        "T": 12.6296713057361,
        "X_H2": 0.007135402824620284,
        "X_CO": 0.0037958346382477364
      }
    },
    "A_case4_richter": {
      "H2_CO_out": 2.2165887565532194,
      "CH4_out": 0.10238958211415597,
      "T_out_K": 1461.6571267745244,
      "rmse": {
        "T": 12.974594897709906,
        "X_H2": 0.006097706354096421,
        "X_CO": 0.002865503422935844
      }
    },
    "B_case1_134L": {
      "H2_CO_out": 2.245757889562812,
      "CH4_out": 0.18658425213566882,
      "T_out_K": 1499.5616883036598,
      "rmse": {
        "T": 21.12304544539362,
        "X_H2": 0.008132756953492595,
        "X_CO": 0.00518763348604635
      }
    },
    "B_case4_134L": {
      "H2_CO_out": 2.1879520426120003,
      "CH4_out": 0.11672525898954492,
      "T_out_K": 1515.1126366321669,
      "rmse": {
        "T": 22.080871301503336,
        "X_H2": 0.006594408949781094,
        "X_CO": 0.004218764926880874
      }
    }
  }
}