{
  "T_out": 881.8886815805023,
  "Q_burner": 36360.0,
  "Q_chem": 0.0,
  "residual": 0.0,
  "converged": false,
  "steps": 1,
  "branch_status": "COLD",
  "kernel_T": 2936.336655613001,
  "kernel_H2": 0.3920498181453209,
  "kernel_CO": 1.106058829256491
}