{
  "runtime_sec": 21729.708027601242,
  "best_penalty": 3869.1877833967924,
  "final_penalty": 3909.4928225000253,
  "penalty": 3909.4928225000253,
  "closure": {
    "n_species": 31,
    "n_reactions": 128,
    "iterations": 2,
    "kept_species_idx": [
      0,
      1,
      2,
      3,
      4,
      5,
      6,
      7,
      9,
      12,
      13,
      14,
      15,
      16,
      17,
      18,
      19,
      20,
      22,
      23,
      24,
      25,
      26,
      31,
      39,
      40,
      46,
      47,
      48,
      50,
      51
    ],
    "kept_reaction_idx": [
      0,
      1,
      2,
      3,
      4,
      5,
      9,
      10,
      11,
      12,
      13,
      14,
      15,
      16,
      17,
      18,
      24,
      25,
      26,
      30,
      31,
      32,
      33,
      34,
      35,
      36,
      37,
      38,
      39,
      40,
      41,
      42,
      43,
      44,
      45,
      46,
      47,
      51,
      52,
      53,
      54,
      55,
      56,
      57,
      58,
      59,
      60,
      62,
      63,
      64,
      65,
      67,
      68,
      70,
      72,
      73,
      74,
      75,
      76,
      77,
      82,
      83,
      84,
      85,
      86,
      87,
      88,
      90,
      94,
      97,
      98,
      99,
      100,
      101,
      102,
      103,
      104,
      109,
      110,
      111,
      112,
      114,
      115,
      118,
      120,
      124,
      126,
      128,
      129,
      131,
      154,
      155,
      156,
      157,
      158,
      159,
      160,
      161,
      162,
      164,
      165,
      166,
      167,
      169,
      172,
      173,
      174,
      217,
      218,
      219,
      220,
      222,
      229,
      230,
      231,
      232,
      283,
      284,
      286,
      287,
      288,
      293,
      294,
      305,
      306,
      307,
      310,
      311
    ],
    "hard_species_enforced": [
      "AR",
      "C2H6",
      "CH2O",
      "CH3",
      "CH4",
      "CO",
      "CO2",
      "H",
      "H2",
      "H2O",
      "H2O2",
      "HCO",
      "HO2",
      "N2",
      "O",
      "O2",
      "OH"
    ],
    "locked_families_enforced": {
      "CH4_activation_O": [
        10
      ],
      "CH4_activation_OH": [
        97
      ],
      "CH4_activation_H": [
        52
      ],
      "CH4_activation_HO2": [
        156
      ],
      "CO_path_CH3_to_CH2O": [
        9,
        155,
        287
      ],
      "CO_path_CH2O_to_HCO": [
        14,
        31,
        53,
        57,
        100,
        120,
        160
      ],
      "CO_path_HCO_to_CO": [
        12,
        54,
        99,
        159,
        165,
        166,
        167
      ],
      "HOx_chain_pair": [
        37
      ]
    }
  },
  "best_diagnostics": {
    "candidate_yaml": "runs/20251013_234429/gen_18/ind_034/cand_5d9ef5776b29/candidate.yaml",
    "closure": {
      "n_species": 31,
      "n_reactions": 128,
      "iterations": 2,
      "kept_species_idx": [
        0,
        1,
        2,
        3,
        4,
        5,
        6,
        7,
        9,
        12,
        13,
        14,
        15,
        16,
        17,
        18,
        19,
        20,
        22,
        23,
        24,
        25,
        26,
        31,
        39,
        40,
        46,
        47,
        48,
        50,
        51
      ],
      "kept_reaction_idx": [
        0,
        1,
        2,
        3,
        4,
        5,
        9,
        10,
        11,
        12,
        13,
        14,
        15,
        16,
        17,
        18,
        24,
        25,
        26,
        30,
        31,
        32,
        33,
        34,
        35,
        36,
        37,
        38,
        39,
        40,
        41,
        42,
        43,
        44,
        45,
        46,
        47,
        51,
        52,
        53,
        54,
        55,
        56,
        57,
        58,
        59,
        60,
        62,
        63,
        64,
        65,
        67,
        68,
        70,
        72,
        73,
        74,
        75,
        76,
        77,
        82,
        83,
        84,
        85,
        86,
        87,
        88,
        90,
        94,
        97,
        98,
        99,
        100,
        101,
        102,
        103,
        104,
        109,
        110,
        111,
        112,
        114,
        115,
        118,
        120,
        124,
        126,
        128,
        129,
        131,
        154,
        155,
        156,
        157,
        158,
        159,
        160,
        161,
        162,
        164,
        165,
        166,
        167,
        169,
        172,
        173,
        174,
        217,
        218,
        219,
        220,
        222,
        229,
        230,
        231,
        232,
        283,
        284,
        286,
        287,
        288,
        293,
        294,
        305,
        306,
        307,
        310,
        311
      ],
      "hard_species_enforced": [
        "AR",
        "C2H6",
        "CH2O",
        "CH3",
        "CH4",
        "CO",
        "CO2",
        "H",
        "H2",
        "H2O",
        "H2O2",
        "HCO",
        "HO2",
        "N2",
        "O",
        "O2",
        "OH"
      ],
      "locked_families_enforced": {
        "CH4_activation_O": [
          10
        ],
        "CH4_activation_OH": [
          97
        ],
        "CH4_activation_H": [
          52
        ],
        "CH4_activation_HO2": [
          156
        ],
        "CO_path_CH3_to_CH2O": [
          9,
          155,
          287
        ],
        "CO_path_CH2O_to_HCO": [
          14,
          31,
          53,
          57,
          100,
          120,
          160
        ],
        "CO_path_HCO_to_CO": [
          12,
          54,
          99,
          159,
          165,
          166,
          167
        ],
        "HOx_chain_pair": [
          37
        ]
      }
    },
    "fast_metrics_path": "runs/20251013_234429/gen_18/ind_034/cand_5d9ef5776b29/fast_eval/metrics.json",
    "cases": {
      "A_case1_richter": {
        "rmse_T": 9.093108364149842,
        "rmse_X_H2": 0.003543510812725554,
        "rmse_X_CO": 0.0014912508527570737,
        "pass": true
      },
      "A_case4_richter": {
        "rmse_T": 24.93655215541298,
        "rmse_X_H2": 0.007420233846705414,
        "rmse_X_CO": 0.003954313035059557,
        "pass": true
      }
    },
    "psr_pass": true,
    "pfr_pass": true,
    "n_species_final": 31,
    "n_reactions_final": 128,
    "ch4_slip_pct": 0.022642516309300115,
    "size_penalty": 0.03888888888888889,
    "soft_penalty": 0.0,
    "feasibility_penalty": 3869.1488945079036,
    "raw_penalty": 3869.1877833967924
  },
  "final_diagnostics": {
    "candidate_yaml": "runs/20251013_234429/gen_18/ind_034/cand_5d9ef5776b29/candidate.yaml",
    "closure": {
      "n_species": 31,
      "n_reactions": 128,
      "iterations": 2,
      "kept_species_idx": [
        0,
        1,
        2,
        3,
        4,
        5,
        6,
        7,
        9,
        12,
        13,
        14,
        15,
        16,
        17,
        18,
        19,
        20,
        22,
        23,
        24,
        25,
        26,
        31,
        39,
        40,
        46,
        47,
        48,
        50,
        51
      ],