{
  "T_out": 894.4195962976856,
  "Q_burner": 36360.0,
  "Q_chem": 0.0,
  "residual": 0.0,
  "converged": false,
  "steps": 1,
  "branch_status": "COLD",
  "kernel_T": 2936.3365380515975,
  "kernel_H2": 0.39204354689551185,
  "kernel_CO": 1.1060475863350514
}