{
  "T_out": 825.606122709095,
  "Q_burner": 34290.0,
  "Q_chem": 0.0,
  "residual": 0.0,
  "converged": false,
  "steps": 1,
  "branch_status": "COLD",
  "kernel_T": 2926.7078694733514,
  "kernel_H2": 0.7678207992245716,
  "kernel_CO": 2.2282727612140776
}