{
  "T_out": 825.8937481674717,
  "Q_burner": 34290.0,
  "Q_chem": 0.0,
  "residual": 0.0,
  "converged": false,
  "steps": 1,
  "branch_status": "COLD",
  "kernel_T": 2926.707963179039,
  "kernel_H2": 0.7678417263305221,
  "kernel_CO": 2.2283239346440418
}