{
  "T_out": 1959.1686066186278,
  "Q_burner": 34290.0,
  "Q_chem": 0.0,
  "residual": 0.0,
  "converged": true,
  "steps": 1,
  "branch_status": "HOT",
  "kernel_T": 2926.7125003449014,
  "kernel_H2": 0.7738015754852731,
  "kernel_CO": 2.247154687810619
}