{
  "T_out": 824.9911551309265,
  "Q_burner": 34290.0,
  "Q_chem": 0.0,
  "residual": 0.0,
  "converged": false,
  "steps": 1,
  "branch_status": "COLD",
  "kernel_T": 2926.7078709183033,
  "kernel_H2": 0.7678162438790601,
  "kernel_CO": 2.2282598882893736
}