{
  "T_out": 2057.229697257593,
  "Q_burner": 34290.0,
  "Q_chem": 0.0,
  "residual": 0.0,
  "converged": true,
  "steps": 1,
  "branch_status": "HOT",
  "kernel_T": 2926.7125014720696,
  "kernel_H2": 0.7737958770746292,
  "kernel_CO": 2.247138551816513
}