{
  "H2_CO_out_avg": 1.7986516230773355,
  "CH4_slip_pct_avg": 0.018771052908406728,
  "T_out_avg": 1849.5829556368424,
  "profile_rmse": {},
  "per_case": {
    "A_case1_richter": {
      "H2_CO_out": 1.9134435357515178,
      "CH4_out": 0.000364267313221043,
      "T_out_K": 1665.3922084980588,
      "psr_converged": true,
      "psr_temperature_K": 1912.9569111295075,
      "feasibility_penalty": 865.5646424848218,
      "dry_X": {
        "H2": 0.6256659007435068,
        "CO": 0.3269842506733664,
        "O2": 7.377536934229248e-13,
        "CH4": 0.000364267313221043
      },
      "rmse": {
        "T": 19.87611544619708,
        "X_H2": 0.0033312507984583875,
        "X_CO": 0.0007858959270640335
      }
    },
    "A_case4_richter": {
      "H2_CO_out": 1.683859710403153,
      "CH4_out": 1.1153744947091574e-05,
      "T_out_K": 2033.773702775626,
      "psr_converged": true,
      "psr_temperature_K": 2131.614981316078,
      "feasibility_penalty": 3161.40289596847,
      "dry_X": {
        "H2": 0.5939242026726352,
        "CO": 0.3527159649959418,
        "O2": 1.2619086515120386e-09,
        "CH4": 1.1153744947091574e-05
      },
      "rmse": {
        "T": 28.112428043347997,
        "X_H2": 0.00910874415336138,
        "X_CO": 0.004972845671043863
      }
    }
  },
  "feasibility_penalty": 4026.967538453292,
  "mech_yaml": "/mnt/d/Thesis/Master_Thesis/runs/20251013_234429/gen_17/ind_001/cand_1da91834a4fd/candidate.yaml",
  "n_species": 30,
  "n_reactions": 126
}