{
  "H2_CO_out_avg": 2.2406325944191265,
  "CH4_slip_pct_avg": 14.028879204585976,
  "T_out_avg": 1470.0570275757625,
  "profile_rmse": {},
  "per_case": {
    "A_case1_richter": {
      "H2_CO_out": 2.283871353684016,
      "CH4_out": 0.16547723776614578,
      "T_out_K": 1436.7661785456337,
      "rmse": {
        "T": 0.5996552483845291,
        "X_H2": 0.00027393958725172095,
        "X_CO": 0.00010099455040065951
      }
    },
    "A_case4_richter": {
      "H2_CO_out": 2.225375728870533,
      "CH4_out": 0.10009054899764686,
      "T_out_K": 1453.1370332105155,
      "rmse": {
        "T": 0.5518131836090621,
        "X_H2": 0.0002172162071074972,
        "X_CO": 6.860176219246727e-05
      }
    },
    "B_case1_134L": {
      "H2_CO_out": 2.254775598003069,
      "CH4_out": 0.18233355527707898,
      "T_out_K": 1487.479625658291,
      "rmse": {
        "T": 3.3213573145872424,
        "X_H2": 0.0047285074236898626,
        "X_CO": 0.0038106287744833992
      }
    },
    "B_case4_134L": {
      "H2_CO_out": 2.1985076971188886,
      "CH4_out": 0.11325382614256742,
      "T_out_K": 1502.8452728886098,
      "rmse": {
        "T": 4.0987431488061254,
        "X_H2": 0.0041080825449389055,
        "X_CO": 0.0033339337818713653
      }
    }
  }
}