{
  "T_out": 825.646235319287,
  "Q_burner": 34290.0,
  "Q_chem": 0.0,
  "residual": 0.0,
  "converged": false,
  "steps": 1,
  "branch_status": "COLD",
  "kernel_T": 2926.7125254580374,
  "kernel_H2": 0.7737877551302854,
  "kernel_CO": 2.247118872022685
}