{
  "T_out": 826.0050882850505,
  "Q_burner": 34290.0,
  "Q_chem": 0.0,
  "residual": 0.0,
  "converged": false,
  "steps": 1,
  "branch_status": "COLD",
  "kernel_T": 2926.7078703325114,
  "kernel_H2": 0.7678172826225624,
  "kernel_CO": 2.228262613525434
}