{
  "H2_CO_out_avg": 2.0140453209105105,
  "CH4_slip_pct_avg": 14.569422039052862,
  "T_out_avg": 1467.0771767167626,
  "profile_rmse": {},
  "per_case": {
    "A_case1_richter": {
      "H2_CO_out": 2.0335692704404766,
      "CH4_out": 0.1717171177581154,
      "T_out_K": 1433.3724599063992,
      "rmse": {
        "T": 2.3446958748481346,
        "X_H2": 0.02106694569268693,
        "X_CO": 0.01577208634932579
      }
    },
    "A_case4_richter": {
      "H2_CO_out": 2.0308244491412313,
      "CH4_out": 0.10400194185097725,
      "T_out_K": 1450.0232264827453,
      "rmse": {
        "T": 2.0621032366730754,
        "X_H2": 0.017907592850078494,
        "X_CO": 0.01372269737104157
      }
    },
    "B_case1_134L": {
      "H2_CO_out": 1.9942330716593073,
      "CH4_out": 0.1893837633899989,
      "T_out_K": 1484.7063161307894,
      "rmse": {
        "T": 1.585089728828756,
        "X_H2": 0.01750905577833053,
        "X_CO": 0.019746879779506187
      }
    },
    "B_case4_134L": {
      "H2_CO_out": 1.9975544924010264,
      "CH4_out": 0.11767405856302296,
      "T_out_K": 1500.2067043471166,
      "rmse": {
        "T": 2.4628154461482135,
        "X_H2": 0.014601625696192926,
        "X_CO": 0.017309474199114327
      }
    }
  }
}