{
  "T_out": 908.3560066549741,
  "Q_burner": 36360.0,
  "Q_chem": 0.0,
  "residual": 0.0,
  "converged": false,
  "steps": 1,
  "branch_status": "COLD",
  "kernel_T": 2936.33653718887,
  "kernel_H2": 0.3920447456093763,
  "kernel_CO": 1.1060511413156549
}