{
  "T_out": 830.1130430994169,
  "Q_burner": 34290.0,
  "Q_chem": 0.0,
  "residual": 0.0,
  "converged": false,
  "steps": 1,
  "branch_status": "COLD",
  "kernel_T": 2926.7125012241713,
  "kernel_H2": 0.7737962240417485,
  "kernel_CO": 2.2471393714569228
}