{
  "T_out": 833.8932225355267,
  "Q_burner": 34290.0,
  "Q_chem": 0.0,
  "residual": 0.0,
  "converged": false,
  "steps": 1,
  "branch_status": "COLD",
  "kernel_T": 2926.7125006297288,
  "kernel_H2": 0.7738011724652295,
  "kernel_CO": 2.2471536381556283
}