{
  "T_out": 826.0518242597425,
  "Q_burner": 34290.0,
  "Q_chem": 0.0,
  "residual": 0.0,
  "converged": false,
  "steps": 1,
  "branch_status": "COLD",
  "kernel_T": 2926.712501084212,
  "kernel_H2": 0.7738001141883551,
  "kernel_CO": 2.247150896922381
}