{
  "T_out": 825.3635975766254,
  "Q_burner": 34290.0,
  "Q_chem": 0.0,
  "residual": 0.0,
  "converged": false,
  "steps": 1,
  "branch_status": "COLD",
  "kernel_T": 2926.712501260594,
  "kernel_H2": 0.7737961709215911,
  "kernel_CO": 2.2471391597881945
}