{
  "T_out": 2029.134484021512,
  "Q_burner": 34290.0,
  "Q_chem": 0.0,
  "residual": 0.0,
  "converged": true,
  "steps": 1,
  "branch_status": "HOT",
  "kernel_T": 2926.707889539261,
  "kernel_H2": 0.7678110144988757,
  "kernel_CO": 2.22824758795092
}