{
  "T_out": 920.337957840553,
  "Q_burner": 36360.0,
  "Q_chem": 0.0,
  "residual": 0.0,
  "converged": false,
  "steps": 1,
  "branch_status": "COLD",
  "kernel_T": 2936.3365512381083,
  "kernel_H2": 0.39204004294790473,
  "kernel_CO": 1.106038617078565
}