{
  "T_out": 826.5258659836906,
  "Q_burner": 34290.0,
  "Q_chem": 0.0,
  "residual": 0.0,
  "converged": false,
  "steps": 1,
  "branch_status": "COLD",
  "kernel_T": 2926.707960992496,
  "kernel_H2": 0.7678450192333758,
  "kernel_CO": 2.228333550735139
}