{
  "T_out": 827.443945332055,
  "Q_burner": 34290.0,
  "Q_chem": 0.0,
  "residual": 0.0,
  "converged": false,
  "steps": 1,
  "branch_status": "COLD",
  "kernel_T": 2926.712522993382,
  "kernel_H2": 0.7737917793906186,
  "kernel_CO": 2.247130768739876
}