{
  "T_out": 858.3546146608671,
  "Q_burner": 36360.0,
  "Q_chem": 0.0,
  "residual": 0.0,
  "converged": false,
  "steps": 1,
  "branch_status": "COLD",
  "kernel_T": 2936.3365399094123,
  "kernel_H2": 0.3920434078584413,
  "kernel_CO": 1.1060471106340233
}