{
  "T_out": 868.8235426008025,
  "Q_burner": 36360.0,
  "Q_chem": 0.0,
  "residual": 0.0,
  "converged": false,
  "steps": 1,
  "branch_status": "COLD",
  "kernel_T": 2936.3324531187277,
  "kernel_H2": 0.3872409245966584,
  "kernel_CO": 1.091229583447813
}