{
  "T_out": 826.6818106564505,
  "Q_burner": 34290.0,
  "Q_chem": 0.0,
  "residual": 0.0,
  "converged": false,
  "steps": 1,
  "branch_status": "COLD",
  "kernel_T": 2926.712522483961,
  "kernel_H2": 0.7737929332027437,
  "kernel_CO": 2.247133848510343
}