{
  "T_out": 859.8519295857383,
  "Q_burner": 36360.0,
  "Q_chem": 0.0,
  "residual": 0.0,
  "converged": false,
  "steps": 1,
  "branch_status": "COLD",
  "kernel_T": 2936.3324638527274,
  "kernel_H2": 0.38723797616296374,
  "kernel_CO": 1.0912220288529386
}