{
  "T_out": 876.740650470448,
  "Q_burner": 36360.0,
  "Q_chem": 0.0,
  "residual": 0.0,
  "converged": false,
  "steps": 1,
  "branch_status": "COLD",
  "kernel_T": 2936.332465067173,
  "kernel_H2": 0.3872380602470312,
  "kernel_CO": 1.09122224430879
}