{
  "T_out": 823.0488606201608,
  "Q_burner": 34290.0,
  "Q_chem": 0.0,
  "residual": 0.0,
  "converged": false,
  "steps": 1,
  "branch_status": "COLD",
  "kernel_T": 2926.7078683797386,
  "kernel_H2": 0.7678199430420083,
  "kernel_CO": 2.2282704357740335
}