{
  "H2_CO_out_avg": 2.2264238104114558,
  "CH4_slip_pct_avg": 14.817305911523535,
  "T_out_avg": 1496.3372117550027,
  "profile_rmse": {},
  "per_case": {
    "A_case1_richter": {
      "H2_CO_out": 2.2718288863519582,
      "CH4_out": 0.17231306706991278,
      "T_out_K": 1457.739971534361,
      "rmse": {
        "T": 24.865255188138235,
        "X_H2": 0.011582901115594622,
        "X_CO": 0.005113403318544646
      }
    },
    "A_case4_richter": {
      "H2_CO_out": 2.210713614574404,
      "CH4_out": 0.1072710412993039,
      "T_out_K": 1480.638713028592,
      "rmse": {
        "T": 31.033264459764133,
        "X_H2": 0.012136875838299548,
        "X_CO": 0.004842337544929481
      }
    },
    "B_case1_134L": {
      "H2_CO_out": 2.241369435494889,
      "CH4_out": 0.19116962890843353,
      "T_out_K": 1512.8510840493868,
      "rmse": {
        "T": 34.16641876884571,
        "X_H2": 0.014455330131197704,
        "X_CO": 0.006123964253258695
      }
    },
    "B_case4_134L": {
      "H2_CO_out": 2.181783305224572,
      "CH4_out": 0.1219384991832912,
      "T_out_K": 1534.1190784076707,
      "rmse": {
        "T": 41.25707237031301,
        "X_H2": 0.01585587418428442,
        "X_CO": 0.0063825492514721785
      }
    }
  }
}