{
  "T_out": 826.1570091358699,
  "Q_burner": 34290.0,
  "Q_chem": 0.0,
  "residual": 0.0,
  "converged": false,
  "steps": 1,
  "branch_status": "COLD",
  "kernel_T": 2926.7078875655516,
  "kernel_H2": 0.7678137002183852,
  "kernel_CO": 2.2282555465022833
}