{
  "T_out": 856.8202410425579,
  "Q_burner": 34290.0,
  "Q_chem": 0.0,
  "residual": 0.0,
  "converged": false,
  "steps": 1,
  "branch_status": "COLD",
  "kernel_T": 2926.70796315081,
  "kernel_H2": 0.7678438219965016,
  "kernel_CO": 2.228330344701435
}