{
  "T_out": 826.2082798005204,
  "Q_burner": 34290.0,
  "Q_chem": 0.0,
  "residual": 0.0,
  "converged": false,
  "steps": 1,
  "branch_status": "COLD",
  "kernel_T": 2926.7124985209593,
  "kernel_H2": 0.7738005729651831,
  "kernel_CO": 2.2471520512008114
}