{
  "T_out": 879.9981251242455,
  "Q_burner": 36360.0,
  "Q_chem": 0.0,
  "residual": 0.0,
  "converged": false,
  "steps": 1,
  "branch_status": "COLD",
  "kernel_T": 2936.332453184284,
  "kernel_H2": 0.3872407651062933,
  "kernel_CO": 1.0912291284464388
}