{
  "T_out": 826.321719736476,
  "Q_burner": 34290.0,
  "Q_chem": 0.0,
  "residual": 0.0,
  "converged": false,
  "steps": 1,
  "branch_status": "COLD",
  "kernel_T": 2926.7124984632865,
  "kernel_H2": 0.7738006736205274,
  "kernel_CO": 2.2471524079733536
}