{
  "T_out": 1940.213499963552,
  "Q_burner": 34290.0,
  "Q_chem": 0.0,
  "residual": 0.0,
  "converged": true,
  "steps": 1,
  "branch_status": "HOT",
  "kernel_T": 2926.707888878745,
  "kernel_H2": 0.767814269782131,
  "kernel_CO": 2.2282570830774264
}