{
  "T_out": 1942.2341642274398,
  "Q_burner": 34290.0,
  "Q_chem": 0.0,
  "residual": 0.0,
  "converged": true,
  "steps": 1,
  "branch_status": "HOT",
  "kernel_T": 2926.707870332595,
  "kernel_H2": 0.7678172824784328,
  "kernel_CO": 2.2282626128366156
}