{
  "H2_CO_out_avg": 2.241003461874082,
  "CH4_slip_pct_avg": 14.012321858385112,
  "T_out_avg": 1469.5127862664963,
  "profile_rmse": {},
  "per_case": {
    "A_case1_richter": {
      "H2_CO_out": 2.2842120959331136,
      "CH4_out": 0.16531605555610465,
      "T_out_K": 1436.2691803849855,
      "rmse": {
        "T": 0.004792202028427909,
        "X_H2": 8.431373527796607e-06,
        "X_CO": 5.952765728064738e-06
      }
    },
    "A_case4_richter": {
      "H2_CO_out": 2.2256791636163036,
      "CH4_out": 0.09997061913531055,
      "T_out_K": 1452.6747945368998,
      "rmse": {
        "T": 0.009793883626102999,
        "X_H2": 1.259713625142452e-05,
        "X_CO": 9.741153780351418e-06
      }
    },
    "B_case1_134L": {
      "H2_CO_out": 2.255212761993894,
      "CH4_out": 0.18211231560336977,
      "T_out_K": 1486.8409224867762,
      "rmse": {
        "T": 2.596814586810746,
        "X_H2": 0.005108246665491535,
        "X_CO": 0.003958896617173609
      }
    },
    "B_case4_134L": {
      "H2_CO_out": 2.1989098259530175,
      "CH4_out": 0.11309388404061958,
      "T_out_K": 1502.2662476573237,
      "rmse": {
        "T": 3.415714999556724,
        "X_H2": 0.004407081339029065,
        "X_CO": 0.0034334458415281825
      }
    }
  }
}