{
  "T_out": 826.4216548337602,
  "Q_burner": 34290.0,
  "Q_chem": 0.0,
  "residual": 0.0,
  "converged": false,
  "steps": 1,
  "branch_status": "COLD",
  "kernel_T": 2926.707982789078,
  "kernel_H2": 0.767834563687523,
  "kernel_CO": 2.2283065132500592
}