{
  "T_out": 825.5509439183407,
  "Q_burner": 34290.0,
  "Q_chem": 0.0,
  "residual": 0.0,
  "converged": false,
  "steps": 1,
  "branch_status": "COLD",
  "kernel_T": 2926.7124979481428,
  "kernel_H2": 0.7738018396916809,
  "kernel_CO": 2.2471555412299704
}