{
  "H2_CO_out_avg": 2.236750598969131,
  "CH4_slip_pct_avg": 14.246364448212523,
  "T_out_avg": 1477.3354077384286,
  "profile_rmse": {},
  "per_case": {
    "A_case1_richter": {
      "H2_CO_out": 2.2801077300543704,
      "CH4_out": 0.1676270754481569,
      "T_out_K": 1443.429204568165,
      "rmse": {
        "T": 7.753153970217736,
        "X_H2": 0.0034767855662884823,
        "X_CO": 0.0014817391786718294
      }
    },
    "A_case4_richter": {
      "H2_CO_out": 2.22162265617528,
      "CH4_out": 0.1019441150136844,
      "T_out_K": 1460.3310981038912,
      "rmse": {
        "T": 8.157887378588105,
        "X_H2": 0.003039264961898071,
        "X_CO": 0.0010932966830406515
      }
    },
    "B_case1_134L": {
      "H2_CO_out": 2.2508729766895796,
      "CH4_out": 0.18488487643821022,
      "T_out_K": 1494.8977478085794,
      "rmse": {
        "T": 11.314566912234543,
        "X_H2": 0.0016053034050334098,
        "X_CO": 0.0024149792572911457
      }
    },
    "B_case4_134L": {
      "H2_CO_out": 2.194399032957294,
      "CH4_out": 0.11539851102844934,
      "T_out_K": 1510.6835804730788,
      "rmse": {
        "T": 12.468138313724195,
        "X_H2": 0.0010713408099673053,
        "X_CO": 0.002192012434513228
      }
    }
  }
}