{
  "T_out": 2033.5222837459316,
  "Q_burner": 34290.0,
  "Q_chem": 0.0,
  "residual": 0.0,
  "converged": true,
  "steps": 1,
  "branch_status": "HOT",
  "kernel_T": 2926.7124984158563,
  "kernel_H2": 0.7738012607779883,
  "kernel_CO": 2.247154078035795
}