{
  "T_out": 833.5762987548248,
  "Q_burner": 34290.0,
  "Q_chem": 0.0,
  "residual": 0.0,
  "converged": false,
  "steps": 1,
  "branch_status": "COLD",
  "kernel_T": 2926.7079629250884,
  "kernel_H2": 0.767844120068188,
  "kernel_CO": 2.2283311465156936
}