{
  "H2_CO_out_avg": 2.235958339100038,
  "CH4_slip_pct_avg": 15.296792853228936,
  "T_out_avg": 1463.1396537820983,
  "profile_rmse": {},
  "per_case": {
    "A_case1_richter": {
      "H2_CO_out": 2.2810525218078737,
      "CH4_out": 0.1791564411152668,
      "T_out_K": 1430.1011510462654,
      "rmse": {
        "T": 5.865053333934284,
        "X_H2": 0.016015025019654832,
        "X_CO": 0.006694814327329718
      }
    },
    "A_case4_richter": {
      "H2_CO_out": 2.221286137152447,
      "CH4_out": 0.11078462422995249,
      "T_out_K": 1445.397425708482,
      "rmse": {
        "T": 7.002985473077948,
        "X_H2": 0.013634150545169577,
        "X_CO": 0.005564304514221284
      }
    },
    "B_case1_134L": {
      "H2_CO_out": 2.2493426023418843,
      "CH4_out": 0.19717895066367683,
      "T_out_K": 1481.4306684026285,
      "rmse": {
        "T": 2.878009734143416,
        "X_H2": 0.012610572085138053,
        "X_CO": 0.003596910235130368
      }
    },
    "B_case4_134L": {
      "H2_CO_out": 2.192152095097946,
      "CH4_out": 0.12475169812026136,
      "T_out_K": 1495.6293699710175,
      "rmse": {
        "T": 3.128555094734981,
        "X_H2": 0.0105165899340184,
        "X_CO": 0.0027002344410058357
      }
    }
  }
}