{
  "T_out": 1958.5625373316166,
  "Q_burner": 34290.0,
  "Q_chem": 0.0,
  "residual": 0.0,
  "converged": true,
  "steps": 1,
  "branch_status": "HOT",
  "kernel_T": 2926.7125003367687,
  "kernel_H2": 0.7738015925637421,
  "kernel_CO": 2.247154758755793
}