{
  "T_out": 825.6237419706529,
  "Q_burner": 34290.0,
  "Q_chem": 0.0,
  "residual": 0.0,
  "converged": false,
  "steps": 1,
  "branch_status": "COLD",
  "kernel_T": 2926.7125007327813,
  "kernel_H2": 0.7737973380337678,
  "kernel_CO": 2.247142342453845
}