{
  "T_out": 825.4724241180847,
  "Q_burner": 34290.0,
  "Q_chem": 0.0,
  "residual": 0.0,
  "converged": false,
  "steps": 1,
  "branch_status": "COLD",
  "kernel_T": 2926.7124987533934,
  "kernel_H2": 0.7738002606265374,
  "kernel_CO": 2.2471513215973227
}