{
  "T_out": 826.3839594420037,
  "Q_burner": 34290.0,
  "Q_chem": 0.0,
  "residual": 0.0,
  "converged": false,
  "steps": 1,
  "branch_status": "COLD",
  "kernel_T": 2926.712501456494,
  "kernel_H2": 0.7737959119701208,
  "kernel_CO": 2.247138642814882
}