{
  "H2_CO_out_avg": 2.240159421006293,
  "CH4_slip_pct_avg": 14.054643298499837,
  "T_out_avg": 1470.9225396704055,
  "profile_rmse": {},
  "per_case": {
    "A_case1_richter": {
      "H2_CO_out": 2.283447205064916,
      "CH4_out": 0.16571409970500733,
      "T_out_K": 1437.5023715999948,
      "rmse": {
        "T": 1.4644881674774997,
        "X_H2": 0.0007412006713901672,
        "X_CO": 0.0003651172413689195
      }
    },
    "A_case4_richter": {
      "H2_CO_out": 2.2249418832509518,
      "CH4_out": 0.1003010603294891,
      "T_out_K": 1453.9566490554207,
      "rmse": {
        "T": 1.5238823998919533,
        "X_H2": 0.0006090029600760898,
        "X_CO": 0.00024247082023104747
      }
    },
    "B_case1_134L": {
      "H2_CO_out": 2.254283131295843,
      "CH4_out": 0.18264167191189798,
      "T_out_K": 1488.3777218812854,
      "rmse": {
        "T": 4.3655236753684505,
        "X_H2": 0.0041988235957883605,
        "X_CO": 0.0035652316209331967
      }
    },
    "B_case4_134L": {
      "H2_CO_out": 2.1979654644134627,
      "CH4_out": 0.11352889999359907,
      "T_out_K": 1503.8534161449209,
      "rmse": {
        "T": 5.2814538311249875,
        "X_H2": 0.003616571859444062,
        "X_CO": 0.00313890287021089
      }
    }
  }
}